tf,dir,retrace,stop,sep_min,sep_max,is_trades,is_pf,passed_is,oos_fwd_pf,oos_fwd_trades,oos_back_pf,oos_back_trades,pf_wo_best,top1_share,worst_trade_pct,oos_pf,oos_trades
15m,long only,0.25,1.0xATR,0.5,0.0,1998,0.57,False,,,,,,,,0.529,1716
15m,long only,0.25,1.0xATR,0.5,10.0,1970,0.53,False,,,,,,,,0.52,1709
15m,long only,0.25,1.0xATR,0.5,20.0,1996,0.567,False,,,,,,,,0.529,1716
15m,long only,0.25,1.0xATR,2.0,0.0,927,0.699,False,,,,,,,,0.719,430
15m,long only,0.25,1.0xATR,2.0,10.0,899,0.646,False,,,,,,,,0.706,423
15m,long only,0.25,1.0xATR,2.0,20.0,925,0.696,False,,,,,,,,0.719,430
15m,long only,0.25,2.0xATR,0.5,0.0,1596,0.655,False,,,,,,,,0.567,1387
15m,long only,0.25,2.0xATR,0.5,10.0,1572,0.615,False,,,,,,,,0.553,1383
15m,long only,0.25,2.0xATR,0.5,20.0,1595,0.647,False,,,,,,,,0.567,1387
15m,long only,0.25,2.0xATR,2.0,0.0,718,0.762,False,,,,,,,,0.772,329
15m,long only,0.25,2.0xATR,2.0,10.0,694,0.713,False,,,,,,,,0.742,325
15m,long only,0.25,2.0xATR,2.0,20.0,717,0.751,False,,,,,,,,0.772,329
15m,long only,0.25,3.0xATR,0.5,0.0,1426,0.66,False,,,,,,,,0.575,1225
15m,long only,0.25,3.0xATR,0.5,10.0,1406,0.623,False,,,,,,,,0.564,1223
15m,long only,0.25,3.0xATR,0.5,20.0,1425,0.652,False,,,,,,,,0.575,1225
15m,long only,0.25,3.0xATR,2.0,0.0,629,0.73,False,,,,,,,,0.679,298
15m,long only,0.25,3.0xATR,2.0,10.0,609,0.684,False,,,,,,,,0.657,296
15m,long only,0.25,3.0xATR,2.0,20.0,628,0.719,False,,,,,,,,0.679,298
15m,long only,0.25,3.0%,0.5,0.0,1311,0.67,False,,,,,,,,0.603,995
15m,long only,0.25,3.0%,0.5,10.0,1286,0.638,False,,,,,,,,0.586,991
15m,long only,0.25,3.0%,0.5,20.0,1309,0.677,False,,,,,,,,0.603,995
15m,long only,0.25,3.0%,2.0,0.0,597,0.738,False,,,,,,,,0.678,260
15m,long only,0.25,3.0%,2.0,10.0,572,0.7,False,,,,,,,,0.649,256
15m,long only,0.25,3.0%,2.0,20.0,595,0.748,False,,,,,,,,0.678,260
15m,long only,0.25,5.0%,0.5,0.0,1187,0.668,False,,,,,,,,0.559,910
15m,long only,0.25,5.0%,0.5,10.0,1164,0.63,False,,,,,,,,0.543,908
15m,long only,0.25,5.0%,0.5,20.0,1185,0.664,False,,,,,,,,0.559,910
15m,long only,0.25,5.0%,2.0,0.0,528,0.748,False,,,,,,,,0.684,229
15m,long only,0.25,5.0%,2.0,10.0,505,0.704,False,,,,,,,,0.653,227
15m,long only,0.25,5.0%,2.0,20.0,526,0.744,False,,,,,,,,0.684,229
15m,long only,0.5,1.0xATR,0.5,0.0,1890,0.63,False,,,,,,,,0.688,1603
15m,long only,0.5,1.0xATR,0.5,10.0,1863,0.607,False,,,,,,,,0.691,1597
15m,long only,0.5,1.0xATR,0.5,20.0,1888,0.637,False,,,,,,,,0.688,1603
15m,long only,0.5,1.0xATR,2.0,0.0,883,0.711,False,,,,,,,,0.837,407
15m,long only,0.5,1.0xATR,2.0,10.0,856,0.682,False,,,,,,,,0.853,401
15m,long only,0.5,1.0xATR,2.0,20.0,881,0.724,False,,,,,,,,0.837,407
15m,long only,0.5,2.0xATR,0.5,0.0,1380,0.716,False,,,,,,,,0.753,1222
15m,long only,0.5,2.0xATR,0.5,10.0,1363,0.694,False,,,,,,,,0.749,1220
15m,long only,0.5,2.0xATR,0.5,20.0,1384,0.713,False,,,,,,,,0.753,1222
15m,long only,0.5,2.0xATR,2.0,0.0,627,0.778,False,,,,,,,,0.88,304
15m,long only,0.5,2.0xATR,2.0,10.0,608,0.751,False,,,,,,,,0.873,302
15m,long only,0.5,2.0xATR,2.0,20.0,629,0.773,False,,,,,,,,0.88,304
15m,long only,0.5,3.0xATR,0.5,0.0,1176,0.755,False,,,,,,,,0.756,1046
15m,long only,0.5,3.0xATR,0.5,10.0,1163,0.746,False,,,,,,,,0.747,1045
15m,long only,0.5,3.0xATR,0.5,20.0,1178,0.764,False,,,,,,,,0.756,1046
15m,long only,0.5,3.0xATR,2.0,0.0,530,0.776,False,,,,,,,,0.827,264
15m,long only,0.5,3.0xATR,2.0,10.0,516,0.766,False,,,,,,,,0.809,263
15m,long only,0.5,3.0xATR,2.0,20.0,531,0.788,False,,,,,,,,0.827,264
15m,long only,0.5,3.0%,0.5,0.0,1067,0.767,False,,,,,,,,0.759,795
15m,long only,0.5,3.0%,0.5,10.0,1043,0.749,False,,,,,,,,0.753,793
15m,long only,0.5,3.0%,0.5,20.0,1065,0.773,False,,,,,,,,0.759,795
15m,long only,0.5,3.0%,2.0,0.0,509,0.788,False,,,,,,,,0.802,224
15m,long only,0.5,3.0%,2.0,10.0,485,0.767,False,,,,,,,,0.792,222
15m,long only,0.5,3.0%,2.0,20.0,507,0.797,False,,,,,,,,0.802,224
15m,long only,0.5,5.0%,0.5,0.0,944,0.769,False,,,,,,,,0.747,712
15m,long only,0.5,5.0%,0.5,10.0,924,0.762,False,,,,,,,,0.733,711
15m,long only,0.5,5.0%,0.5,20.0,942,0.78,False,,,,,,,,0.747,712
15m,long only,0.5,5.0%,2.0,0.0,435,0.789,False,,,,,,,,0.842,194
15m,long only,0.5,5.0%,2.0,10.0,415,0.783,False,,,,,,,,0.816,193
15m,long only,0.5,5.0%,2.0,20.0,433,0.804,False,,,,,,,,0.842,194
15m,long only,0.75,1.0xATR,0.5,0.0,1815,0.684,False,,,,,,,,0.77,1553
15m,long only,0.75,1.0xATR,0.5,10.0,1789,0.652,False,,,,,,,,0.773,1547
15m,long only,0.75,1.0xATR,0.5,20.0,1813,0.691,False,,,,,,,,0.77,1553
15m,long only,0.75,1.0xATR,2.0,0.0,863,0.732,False,,,,,,,,0.978,405
15m,long only,0.75,1.0xATR,2.0,10.0,837,0.687,False,,,,,,,,0.996,399
15m,long only,0.75,1.0xATR,2.0,20.0,861,0.745,False,,,,,,,,0.978,405
15m,long only,0.75,2.0xATR,0.5,0.0,1268,0.787,False,,,,,,,,0.83,1139
15m,long only,0.75,2.0xATR,0.5,10.0,1252,0.748,False,,,,,,,,0.825,1137
15m,long only,0.75,2.0xATR,0.5,20.0,1269,0.782,False,,,,,,,,0.83,1139
15m,long only,0.75,2.0xATR,2.0,0.0,586,0.846,False,,,,,,,,0.971,299
15m,long only,0.75,2.0xATR,2.0,10.0,568,0.793,False,,,,,,,,0.962,297
15m,long only,0.75,2.0xATR,2.0,20.0,587,0.839,False,,,,,,,,0.971,299
15m,long only,0.75,3.0xATR,0.5,0.0,1058,0.815,False,,,,,,,,0.87,957
15m,long only,0.75,3.0xATR,0.5,10.0,1045,0.792,False,,,,,,,,0.861,956
15m,long only,0.75,3.0xATR,0.5,20.0,1058,0.818,False,,,,,,,,0.87,957
15m,long only,0.75,3.0xATR,2.0,0.0,489,0.821,False,,,,,,,,0.963,256
15m,long only,0.75,3.0xATR,2.0,10.0,476,0.79,False,,,,,,,,0.944,255
15m,long only,0.75,3.0xATR,2.0,20.0,489,0.825,False,,,,,,,,0.963,256
15m,long only,0.75,3.0%,0.5,0.0,941,0.827,False,,,,,,,,0.854,703
15m,long only,0.75,3.0%,0.5,10.0,919,0.797,False,,,,,,,,0.847,701
15m,long only,0.75,3.0%,0.5,20.0,939,0.833,False,,,,,,,,0.854,703
15m,long only,0.75,3.0%,2.0,0.0,463,0.838,False,,,,,,,,0.92,216
15m,long only,0.75,3.0%,2.0,10.0,441,0.799,False,,,,,,,,0.908,214
15m,long only,0.75,3.0%,2.0,20.0,461,0.847,False,,,,,,,,0.92,216
15m,long only,0.75,5.0%,0.5,0.0,822,0.825,False,,,,,,,,0.845,630
15m,long only,0.75,5.0%,0.5,10.0,804,0.803,False,,,,,,,,0.83,629
15m,long only,0.75,5.0%,0.5,20.0,820,0.837,False,,,,,,,,0.845,630
15m,long only,0.75,5.0%,2.0,0.0,388,0.852,False,,,,,,,,0.944,187
15m,long only,0.75,5.0%,2.0,10.0,370,0.824,False,,,,,,,,0.917,186
15m,long only,0.75,5.0%,2.0,20.0,386,0.868,False,,,,,,,,0.944,187
15m,long only,1.0,1.0xATR,0.5,0.0,1748,0.659,False,,,,,,,,0.76,1518
15m,long only,1.0,1.0xATR,0.5,10.0,1723,0.624,False,,,,,,,,0.761,1512
15m,long only,1.0,1.0xATR,0.5,20.0,1746,0.666,False,,,,,,,,0.76,1518
15m,long only,1.0,1.0xATR,2.0,0.0,848,0.702,False,,,,,,,,0.926,401
15m,long only,1.0,1.0xATR,2.0,10.0,823,0.653,False,,,,,,,,0.938,395
15m,long only,1.0,1.0xATR,2.0,20.0,846,0.713,False,,,,,,,,0.926,401
15m,long only,1.0,2.0xATR,0.5,0.0,1180,0.759,False,,,,,,,,0.829,1091
15m,long only,1.0,2.0xATR,0.5,10.0,1166,0.718,False,,,,,,,,0.823,1089
15m,long only,1.0,2.0xATR,0.5,20.0,1181,0.754,False,,,,,,,,0.829,1091
15m,long only,1.0,2.0xATR,2.0,0.0,571,0.797,False,,,,,,,,0.951,296
15m,long only,1.0,2.0xATR,2.0,10.0,554,0.745,False,,,,,,,,0.94,294
15m,long only,1.0,2.0xATR,2.0,20.0,572,0.79,False,,,,,,,,0.951,296
15m,long only,1.0,3.0xATR,0.5,0.0,961,0.789,False,,,,,,,,0.854,904
15m,long only,1.0,3.0xATR,0.5,10.0,951,0.763,False,,,,,,,,0.844,903
15m,long only,1.0,3.0xATR,0.5,20.0,961,0.791,False,,,,,,,,0.854,904
15m,long only,1.0,3.0xATR,2.0,0.0,468,0.793,False,,,,,,,,0.951,252
15m,long only,1.0,3.0xATR,2.0,10.0,457,0.758,False,,,,,,,,0.93,251
15m,long only,1.0,3.0xATR,2.0,20.0,468,0.796,False,,,,,,,,0.951,252
15m,long only,1.0,3.0%,0.5,0.0,848,0.778,False,,,,,,,,0.852,634
15m,long only,1.0,3.0%,0.5,10.0,828,0.748,False,,,,,,,,0.844,632
15m,long only,1.0,3.0%,0.5,20.0,846,0.784,False,,,,,,,,0.852,634
15m,long only,1.0,3.0%,2.0,0.0,447,0.792,False,,,,,,,,0.896,210
15m,long only,1.0,3.0%,2.0,10.0,426,0.752,False,,,,,,,,0.883,208
15m,long only,1.0,3.0%,2.0,20.0,445,0.799,False,,,,,,,,0.896,210
15m,long only,1.0,5.0%,0.5,0.0,726,0.762,False,,,,,,,,0.819,569
15m,long only,1.0,5.0%,0.5,10.0,710,0.74,False,,,,,,,,0.805,568
15m,long only,1.0,5.0%,0.5,20.0,724,0.772,False,,,,,,,,0.819,569
15m,long only,1.0,5.0%,2.0,0.0,368,0.803,False,,,,,,,,0.861,180
15m,long only,1.0,5.0%,2.0,10.0,351,0.778,False,,,,,,,,0.836,179
15m,long only,1.0,5.0%,2.0,20.0,366,0.817,False,,,,,,,,0.861,180
15m,both,0.25,1.0xATR,0.5,0.0,4699,0.496,False,,,,,,,,0.461,3631
15m,both,0.25,1.0xATR,0.5,10.0,4659,0.474,False,,,,,,,,0.456,3624
15m,both,0.25,1.0xATR,0.5,20.0,4697,0.495,False,,,,,,,,0.461,3631
15m,both,0.25,1.0xATR,2.0,0.0,2127,0.622,False,,,,,,,,0.633,889
15m,both,0.25,1.0xATR,2.0,10.0,2087,0.592,False,,,,,,,,0.625,882
15m,both,0.25,1.0xATR,2.0,20.0,2125,0.621,False,,,,,,,,0.633,889
15m,both,0.25,2.0xATR,0.5,0.0,3694,0.589,False,,,,,,,,0.536,2871
15m,both,0.25,2.0xATR,0.5,10.0,3664,0.564,False,,,,,,,,0.529,2867
15m,both,0.25,2.0xATR,0.5,20.0,3693,0.586,False,,,,,,,,0.536,2871
15m,both,0.25,2.0xATR,2.0,0.0,1624,0.7,False,,,,,,,,0.707,685
15m,both,0.25,2.0xATR,2.0,10.0,1594,0.667,False,,,,,,,,0.692,681
15m,both,0.25,2.0xATR,2.0,20.0,1623,0.695,False,,,,,,,,0.707,685
15m,both,0.25,3.0xATR,0.5,0.0,3280,0.625,False,,,,,,,,0.547,2533
15m,both,0.25,3.0xATR,0.5,10.0,3255,0.599,False,,,,,,,,0.541,2531
15m,both,0.25,3.0xATR,0.5,20.0,3279,0.621,False,,,,,,,,0.547,2533
15m,both,0.25,3.0xATR,2.0,0.0,1414,0.727,False,,,,,,,,0.678,597
15m,both,0.25,3.0xATR,2.0,10.0,1389,0.693,False,,,,,,,,0.666,595
15m,both,0.25,3.0xATR,2.0,20.0,1413,0.722,False,,,,,,,,0.678,597
15m,both,0.25,3.0%,0.5,0.0,2918,0.614,False,,,,,,,,0.562,2001
15m,both,0.25,3.0%,0.5,10.0,2885,0.591,False,,,,,,,,0.553,1997
15m,both,0.25,3.0%,0.5,20.0,2916,0.616,False,,,,,,,,0.562,2001
15m,both,0.25,3.0%,2.0,0.0,1301,0.741,False,,,,,,,,0.719,502
15m,both,0.25,3.0%,2.0,10.0,1268,0.712,False,,,,,,,,0.703,498
15m,both,0.25,3.0%,2.0,20.0,1299,0.746,False,,,,,,,,0.719,502
15m,both,0.25,5.0%,0.5,0.0,2598,0.615,False,,,,,,,,0.518,1838
15m,both,0.25,5.0%,0.5,10.0,2570,0.587,False,,,,,,,,0.51,1836
15m,both,0.25,5.0%,0.5,20.0,2596,0.613,False,,,,,,,,0.518,1838
15m,both,0.25,5.0%,2.0,0.0,1149,0.757,False,,,,,,,,0.697,456
15m,both,0.25,5.0%,2.0,10.0,1121,0.722,False,,,,,,,,0.68,454
15m,both,0.25,5.0%,2.0,20.0,1147,0.755,False,,,,,,,,0.697,456
15m,both,0.5,1.0xATR,0.5,0.0,4455,0.573,False,,,,,,,,0.617,3418
15m,both,0.5,1.0xATR,0.5,10.0,4417,0.558,False,,,,,,,,0.618,3412
15m,both,0.5,1.0xATR,0.5,20.0,4453,0.576,False,,,,,,,,0.617,3418
15m,both,0.5,1.0xATR,2.0,0.0,2031,0.658,False,,,,,,,,0.747,853
15m,both,0.5,1.0xATR,2.0,10.0,1993,0.639,False,,,,,,,,0.753,847
15m,both,0.5,1.0xATR,2.0,20.0,2029,0.664,False,,,,,,,,0.747,853
15m,both,0.5,2.0xATR,0.5,0.0,3196,0.67,False,,,,,,,,0.709,2542
15m,both,0.5,2.0xATR,0.5,10.0,3172,0.656,False,,,,,,,,0.707,2540
15m,both,0.5,2.0xATR,0.5,20.0,3200,0.669,False,,,,,,,,0.709,2542
15m,both,0.5,2.0xATR,2.0,0.0,1421,0.737,False,,,,,,,,0.839,631
15m,both,0.5,2.0xATR,2.0,10.0,1396,0.718,False,,,,,,,,0.835,629
15m,both,0.5,2.0xATR,2.0,20.0,1423,0.734,False,,,,,,,,0.839,631
15m,both,0.5,3.0xATR,0.5,0.0,2699,0.716,False,,,,,,,,0.712,2159
15m,both,0.5,3.0xATR,0.5,10.0,2682,0.705,False,,,,,,,,0.708,2158
15m,both,0.5,3.0xATR,0.5,20.0,2701,0.72,False,,,,,,,,0.712,2159
15m,both,0.5,3.0xATR,2.0,0.0,1183,0.766,False,,,,,,,,0.81,536
15m,both,0.5,3.0xATR,2.0,10.0,1165,0.752,False,,,,,,,,0.8,535
15m,both,0.5,3.0xATR,2.0,20.0,1184,0.772,False,,,,,,,,0.81,536
15m,both,0.5,3.0%,0.5,0.0,2335,0.71,False,,,,,,,,0.72,1601
15m,both,0.5,3.0%,0.5,10.0,2305,0.695,False,,,,,,,,0.717,1599
15m,both,0.5,3.0%,0.5,20.0,2333,0.712,False,,,,,,,,0.72,1601
15m,both,0.5,3.0%,2.0,0.0,1080,0.782,False,,,,,,,,0.834,434
15m,both,0.5,3.0%,2.0,10.0,1050,0.765,False,,,,,,,,0.829,432
15m,both,0.5,3.0%,2.0,20.0,1078,0.787,False,,,,,,,,0.834,434
15m,both,0.5,5.0%,0.5,0.0,2030,0.714,False,,,,,,,,0.703,1451
15m,both,0.5,5.0%,0.5,10.0,2007,0.7,False,,,,,,,,0.696,1450
15m,both,0.5,5.0%,0.5,20.0,2028,0.719,False,,,,,,,,0.703,1451
15m,both,0.5,5.0%,2.0,0.0,918,0.806,False,,,,,,,,0.838,389
15m,both,0.5,5.0%,2.0,10.0,895,0.791,False,,,,,,,,0.824,388
15m,both,0.5,5.0%,2.0,20.0,916,0.815,False,,,,,,,,0.838,389
15m,both,0.75,1.0xATR,0.5,0.0,4282,0.586,False,,,,,,,,0.683,3312
15m,both,0.75,1.0xATR,0.5,10.0,4248,0.565,False,,,,,,,,0.684,3306
15m,both,0.75,1.0xATR,0.5,20.0,4280,0.589,False,,,,,,,,0.683,3312
15m,both,0.75,1.0xATR,2.0,0.0,1983,0.645,False,,,,,,,,0.835,845
15m,both,0.75,1.0xATR,2.0,10.0,1949,0.614,False,,,,,,,,0.841,839
15m,both,0.75,1.0xATR,2.0,20.0,1981,0.65,False,,,,,,,,0.835,845
15m,both,0.75,2.0xATR,0.5,0.0,2916,0.695,False,,,,,,,,0.769,2362
15m,both,0.75,2.0xATR,0.5,10.0,2894,0.673,False,,,,,,,,0.766,2360
15m,both,0.75,2.0xATR,0.5,20.0,2917,0.693,False,,,,,,,,0.769,2362
15m,both,0.75,2.0xATR,2.0,0.0,1338,0.748,False,,,,,,,,0.877,616
15m,both,0.75,2.0xATR,2.0,10.0,1315,0.718,False,,,,,,,,0.872,614
15m,both,0.75,2.0xATR,2.0,20.0,1339,0.745,False,,,,,,,,0.877,616
15m,both,0.75,3.0xATR,0.5,0.0,2399,0.732,False,,,,,,,,0.79,1975
15m,both,0.75,3.0xATR,0.5,10.0,2383,0.715,False,,,,,,,,0.785,1974
15m,both,0.75,3.0xATR,0.5,20.0,2399,0.733,False,,,,,,,,0.79,1975
15m,both,0.75,3.0xATR,2.0,0.0,1096,0.762,False,,,,,,,,0.871,517
15m,both,0.75,3.0xATR,2.0,10.0,1080,0.739,False,,,,,,,,0.86,516
15m,both,0.75,3.0xATR,2.0,20.0,1096,0.764,False,,,,,,,,0.871,517
15m,both,0.75,3.0%,0.5,0.0,2033,0.727,False,,,,,,,,0.802,1410
15m,both,0.75,3.0%,0.5,10.0,2007,0.706,False,,,,,,,,0.799,1408
15m,both,0.75,3.0%,0.5,20.0,2031,0.73,False,,,,,,,,0.802,1410
15m,both,0.75,3.0%,2.0,0.0,987,0.782,False,,,,,,,,0.938,413
15m,both,0.75,3.0%,2.0,10.0,961,0.753,False,,,,,,,,0.931,411
15m,both,0.75,3.0%,2.0,20.0,985,0.786,False,,,,,,,,0.938,413
15m,both,0.75,5.0%,0.5,0.0,1757,0.715,False,,,,,,,,0.786,1271
15m,both,0.75,5.0%,0.5,10.0,1737,0.693,False,,,,,,,,0.779,1270
15m,both,0.75,5.0%,0.5,20.0,1755,0.72,False,,,,,,,,0.786,1271
15m,both,0.75,5.0%,2.0,0.0,826,0.792,False,,,,,,,,0.952,370
15m,both,0.75,5.0%,2.0,10.0,806,0.763,False,,,,,,,,0.936,369
15m,both,0.75,5.0%,2.0,20.0,824,0.799,False,,,,,,,,0.952,370
15m,both,1.0,1.0xATR,0.5,0.0,4157,0.569,False,,,,,,,,0.7,3245
15m,both,1.0,1.0xATR,0.5,10.0,4124,0.552,False,,,,,,,,0.701,3239
15m,both,1.0,1.0xATR,0.5,20.0,4155,0.572,False,,,,,,,,0.7,3245
15m,both,1.0,1.0xATR,2.0,0.0,1956,0.612,False,,,,,,,,0.834,840
15m,both,1.0,1.0xATR,2.0,10.0,1923,0.585,False,,,,,,,,0.838,834
15m,both,1.0,1.0xATR,2.0,20.0,1954,0.617,False,,,,,,,,0.834,840
15m,both,1.0,2.0xATR,0.5,0.0,2738,0.681,False,,,,,,,,0.796,2264
15m,both,1.0,2.0xATR,0.5,10.0,2719,0.661,False,,,,,,,,0.793,2262
15m,both,1.0,2.0xATR,0.5,20.0,2739,0.679,False,,,,,,,,0.796,2264
15m,both,1.0,2.0xATR,2.0,0.0,1306,0.714,False,,,,,,,,0.892,611
15m,both,1.0,2.0xATR,2.0,10.0,1285,0.69,False,,,,,,,,0.885,609
15m,both,1.0,2.0xATR,2.0,20.0,1307,0.711,False,,,,,,,,0.892,611
15m,both,1.0,3.0xATR,0.5,0.0,2205,0.717,False,,,,,,,,0.814,1868
15m,both,1.0,3.0xATR,0.5,10.0,2193,0.703,False,,,,,,,,0.809,1867
15m,both,1.0,3.0xATR,0.5,20.0,2205,0.718,False,,,,,,,,0.814,1868
15m,both,1.0,3.0xATR,2.0,0.0,1055,0.735,False,,,,,,,,0.9,510
15m,both,1.0,3.0xATR,2.0,10.0,1042,0.716,False,,,,,,,,0.889,509
15m,both,1.0,3.0xATR,2.0,20.0,1055,0.737,False,,,,,,,,0.9,510
15m,both,1.0,3.0%,0.5,0.0,1850,0.704,False,,,,,,,,0.835,1287
15m,both,1.0,3.0%,0.5,10.0,1826,0.687,False,,,,,,,,0.831,1285
15m,both,1.0,3.0%,0.5,20.0,1848,0.706,False,,,,,,,,0.835,1287
15m,both,1.0,3.0%,2.0,0.0,950,0.748,False,,,,,,,,0.963,404
15m,both,1.0,3.0%,2.0,10.0,925,0.726,False,,,,,,,,0.956,402
15m,both,1.0,3.0%,2.0,20.0,948,0.751,False,,,,,,,,0.963,404
15m,both,1.0,5.0%,0.5,0.0,1581,0.67,False,,,,,,,,0.805,1163
15m,both,1.0,5.0%,0.5,10.0,1564,0.653,False,,,,,,,,0.797,1162
15m,both,1.0,5.0%,0.5,20.0,1579,0.674,False,,,,,,,,0.805,1163
15m,both,1.0,5.0%,2.0,0.0,783,0.737,False,,,,,,,,0.943,359
15m,both,1.0,5.0%,2.0,10.0,765,0.716,False,,,,,,,,0.927,358
15m,both,1.0,5.0%,2.0,20.0,781,0.743,False,,,,,,,,0.943,359
1h,long only,0.25,1.0xATR,0.5,0.0,508,0.665,False,,,,,,,,0.775,576
1h,long only,0.25,1.0xATR,0.5,10.0,452,0.643,False,,,,,,,,0.745,561
1h,long only,0.25,1.0xATR,0.5,20.0,503,0.654,False,,,,,,,,0.789,575
1h,long only,0.25,1.0xATR,2.0,0.0,364,0.682,False,,,,,,,,0.898,292
1h,long only,0.25,1.0xATR,2.0,10.0,308,0.665,False,,,,,,,,0.874,277
1h,long only,0.25,1.0xATR,2.0,20.0,359,0.671,False,,,,,,,,0.921,291
1h,long only,0.25,2.0xATR,0.5,0.0,425,0.763,False,,,,,,,,0.761,488
1h,long only,0.25,2.0xATR,0.5,10.0,387,0.604,False,,,,,,,,0.775,475
1h,long only,0.25,2.0xATR,0.5,20.0,422,0.707,False,,,,,,,,0.787,487
1h,long only,0.25,2.0xATR,2.0,0.0,291,0.798,False,,,,,,,,0.828,238
1h,long only,0.25,2.0xATR,2.0,10.0,253,0.627,False,,,,,,,,0.864,225
1h,long only,0.25,2.0xATR,2.0,20.0,288,0.736,False,,,,,,,,0.866,237
1h,long only,0.25,3.0xATR,0.5,0.0,387,0.688,False,,,,,,,,0.848,445
1h,long only,0.25,3.0xATR,0.5,10.0,353,0.564,False,,,,,,,,0.932,433
1h,long only,0.25,3.0xATR,0.5,20.0,384,0.635,False,,,,,,,,0.897,444
1h,long only,0.25,3.0xATR,2.0,0.0,260,0.718,False,,,,,,,,0.928,215
1h,long only,0.25,3.0xATR,2.0,10.0,226,0.586,False,,,,,,,,1.077,203
1h,long only,0.25,3.0xATR,2.0,20.0,257,0.659,False,,,,,,,,0.999,214
1h,long only,0.25,3.0%,0.5,0.0,406,0.645,False,,,,,,,,0.788,415
1h,long only,0.25,3.0%,0.5,10.0,359,0.572,False,,,,,,,,0.772,401
1h,long only,0.25,3.0%,0.5,20.0,401,0.634,False,,,,,,,,0.802,414
1h,long only,0.25,3.0%,2.0,0.0,288,0.654,False,,,,,,,,0.924,203
1h,long only,0.25,3.0%,2.0,10.0,241,0.578,False,,,,,,,,0.926,189
1h,long only,0.25,3.0%,2.0,20.0,283,0.643,False,,,,,,,,0.946,202
1h,long only,0.25,5.0%,0.5,0.0,360,0.734,False,,,,,,,,0.804,373
1h,long only,0.25,5.0%,0.5,10.0,322,0.592,False,,,,,,,,0.845,360
1h,long only,0.25,5.0%,0.5,20.0,356,0.689,False,,,,,,,,0.829,372
1h,long only,0.25,5.0%,2.0,0.0,248,0.729,False,,,,,,,,0.993,186
1h,long only,0.25,5.0%,2.0,10.0,210,0.579,False,,,,,,,,1.124,173
1h,long only,0.25,5.0%,2.0,20.0,244,0.683,False,,,,,,,,1.038,185
1h,long only,0.5,1.0xATR,0.5,0.0,486,0.681,False,,,,,,,,0.751,546
1h,long only,0.5,1.0xATR,0.5,10.0,434,0.672,False,,,,,,,,0.773,532
1h,long only,0.5,1.0xATR,0.5,20.0,484,0.664,False,,,,,,,,0.761,545
1h,long only,0.5,1.0xATR,2.0,0.0,349,0.67,False,,,,,,,,0.785,279
1h,long only,0.5,1.0xATR,2.0,10.0,297,0.654,False,,,,,,,,0.823,265
1h,long only,0.5,1.0xATR,2.0,20.0,347,0.651,False,,,,,,,,0.8,278
1h,long only,0.5,2.0xATR,0.5,0.0,384,0.772,False,,,,,,,,0.746,427
1h,long only,0.5,2.0xATR,0.5,10.0,352,0.697,False,,,,,,,,0.75,418
1h,long only,0.5,2.0xATR,0.5,20.0,382,0.767,False,,,,,,,,0.765,426
1h,long only,0.5,2.0xATR,2.0,0.0,261,0.78,False,,,,,,,,0.749,206
1h,long only,0.5,2.0xATR,2.0,10.0,229,0.696,False,,,,,,,,0.755,197
1h,long only,0.5,2.0xATR,2.0,20.0,259,0.775,False,,,,,,,,0.775,205
1h,long only,0.5,3.0xATR,0.5,0.0,343,0.694,False,,,,,,,,0.749,367
1h,long only,0.5,3.0xATR,0.5,10.0,315,0.672,False,,,,,,,,0.797,358
1h,long only,0.5,3.0xATR,0.5,20.0,341,0.694,False,,,,,,,,0.779,366
1h,long only,0.5,3.0xATR,2.0,0.0,227,0.7,False,,,,,,,,0.73,173
1h,long only,0.5,3.0xATR,2.0,10.0,199,0.678,False,,,,,,,,0.791,164
1h,long only,0.5,3.0xATR,2.0,20.0,225,0.701,False,,,,,,,,0.768,172
1h,long only,0.5,3.0%,0.5,0.0,370,0.659,False,,,,,,,,0.757,342
1h,long only,0.5,3.0%,0.5,10.0,325,0.628,False,,,,,,,,0.778,330
1h,long only,0.5,3.0%,0.5,20.0,366,0.679,False,,,,,,,,0.767,341
1h,long only,0.5,3.0%,2.0,0.0,262,0.656,False,,,,,,,,0.75,164
1h,long only,0.5,3.0%,2.0,10.0,217,0.621,False,,,,,,,,0.778,152
1h,long only,0.5,3.0%,2.0,20.0,258,0.678,False,,,,,,,,0.763,163
1h,long only,0.5,5.0%,0.5,0.0,313,0.765,False,,,,,,,,0.753,298
1h,long only,0.5,5.0%,0.5,10.0,278,0.724,False,,,,,,,,0.782,288
1h,long only,0.5,5.0%,0.5,20.0,310,0.765,False,,,,,,,,0.771,297
1h,long only,0.5,5.0%,2.0,0.0,214,0.757,False,,,,,,,,0.791,142
1h,long only,0.5,5.0%,2.0,10.0,179,0.709,False,,,,,,,,0.84,132
1h,long only,0.5,5.0%,2.0,20.0,211,0.758,False,,,,,,,,0.816,141
1h,long only,0.75,1.0xATR,0.5,0.0,475,0.799,False,,,,,,,,0.773,529
1h,long only,0.75,1.0xATR,0.5,10.0,429,0.774,False,,,,,,,,0.807,516
1h,long only,0.75,1.0xATR,0.5,20.0,473,0.773,False,,,,,,,,0.782,528
1h,long only,0.75,1.0xATR,2.0,0.0,341,0.788,False,,,,,,,,0.772,273
1h,long only,0.75,1.0xATR,2.0,10.0,295,0.756,False,,,,,,,,0.823,260
1h,long only,0.75,1.0xATR,2.0,20.0,339,0.759,False,,,,,,,,0.785,272
1h,long only,0.75,2.0xATR,0.5,0.0,363,0.814,False,,,,,,,,0.809,396
1h,long only,0.75,2.0xATR,0.5,10.0,335,0.754,False,,,,,,,,0.827,390
1h,long only,0.75,2.0xATR,0.5,20.0,361,0.802,False,,,,,,,,0.828,395
1h,long only,0.75,2.0xATR,2.0,0.0,250,0.804,False,,,,,,,,0.791,197
1h,long only,0.75,2.0xATR,2.0,10.0,222,0.733,False,,,,,,,,0.823,190
1h,long only,0.75,2.0xATR,2.0,20.0,248,0.79,False,,,,,,,,0.817,196
1h,long only,0.75,3.0xATR,0.5,0.0,310,0.775,False,,,,,,,,0.838,330
1h,long only,0.75,3.0xATR,0.5,10.0,289,0.761,False,,,,,,,,0.898,324
1h,long only,0.75,3.0xATR,0.5,20.0,308,0.769,False,,,,,,,,0.869,329
1h,long only,0.75,3.0xATR,2.0,0.0,205,0.769,False,,,,,,,,0.804,161
1h,long only,0.75,3.0xATR,2.0,10.0,184,0.751,False,,,,,,,,0.883,155
1h,long only,0.75,3.0xATR,2.0,20.0,203,0.762,False,,,,,,,,0.844,160
1h,long only,0.75,3.0%,0.5,0.0,346,0.747,False,,,,,,,,0.876,299
1h,long only,0.75,3.0%,0.5,10.0,304,0.73,False,,,,,,,,0.899,288
1h,long only,0.75,3.0%,0.5,20.0,342,0.768,False,,,,,,,,0.887,298
1h,long only,0.75,3.0%,2.0,0.0,249,0.731,False,,,,,,,,0.855,151
1h,long only,0.75,3.0%,2.0,10.0,207,0.707,False,,,,,,,,0.886,140
1h,long only,0.75,3.0%,2.0,20.0,245,0.754,False,,,,,,,,0.869,150
1h,long only,0.75,5.0%,0.5,0.0,281,0.861,False,,,,,,,,0.872,255
1h,long only,0.75,5.0%,0.5,10.0,252,0.82,False,,,,,,,,0.933,246
1h,long only,0.75,5.0%,0.5,20.0,278,0.855,False,,,,,,,,0.892,254
1h,long only,0.75,5.0%,2.0,0.0,192,0.848,False,,,,,,,,0.85,125
1h,long only,0.75,5.0%,2.0,10.0,163,0.797,False,,,,,,,,0.929,117
1h,long only,0.75,5.0%,2.0,20.0,189,0.841,False,,,,,,,,0.875,124
1h,long only,1.0,1.0xATR,0.5,0.0,466,0.848,False,,,,,,,,0.851,520
1h,long only,1.0,1.0xATR,0.5,10.0,421,0.852,False,,,,,,,,0.877,507
1h,long only,1.0,1.0xATR,0.5,20.0,464,0.822,False,,,,,,,,0.861,519
1h,long only,1.0,1.0xATR,2.0,0.0,339,0.842,False,,,,,,,,0.867,272
1h,long only,1.0,1.0xATR,2.0,10.0,294,0.844,False,,,,,,,,0.91,259
1h,long only,1.0,1.0xATR,2.0,20.0,337,0.812,False,,,,,,,,0.882,271
1h,long only,1.0,2.0xATR,0.5,0.0,352,0.852,False,,,,,,,,0.902,379
1h,long only,1.0,2.0xATR,0.5,10.0,326,0.803,False,,,,,,,,0.917,374
1h,long only,1.0,2.0xATR,0.5,20.0,350,0.84,False,,,,,,,,0.922,378
1h,long only,1.0,2.0xATR,2.0,0.0,247,0.856,False,,,,,,,,0.92,193
1h,long only,1.0,2.0xATR,2.0,10.0,221,0.802,False,,,,,,,,0.95,186
1h,long only,1.0,2.0xATR,2.0,20.0,245,0.844,False,,,,,,,,0.949,192
1h,long only,1.0,3.0xATR,0.5,0.0,296,0.815,False,,,,,,,,0.936,307
1h,long only,1.0,3.0xATR,0.5,10.0,277,0.816,False,,,,,,,,0.996,302
1h,long only,1.0,3.0xATR,0.5,20.0,294,0.81,False,,,,,,,,0.969,306
1h,long only,1.0,3.0xATR,2.0,0.0,202,0.83,False,,,,,,,,0.914,156
1h,long only,1.0,3.0xATR,2.0,10.0,183,0.836,False,,,,,,,,0.993,150
1h,long only,1.0,3.0xATR,2.0,20.0,200,0.824,False,,,,,,,,0.958,155
1h,long only,1.0,3.0%,0.5,0.0,337,0.757,False,,,,,,,,0.952,277
1h,long only,1.0,3.0%,0.5,10.0,296,0.75,False,,,,,,,,0.968,267
1h,long only,1.0,3.0%,0.5,20.0,333,0.777,False,,,,,,,,0.963,276
1h,long only,1.0,3.0%,2.0,0.0,247,0.765,False,,,,,,,,0.947,147
1h,long only,1.0,3.0%,2.0,10.0,206,0.76,False,,,,,,,,0.967,136
1h,long only,1.0,3.0%,2.0,20.0,243,0.787,False,,,,,,,,0.961,146
1h,long only,1.0,5.0%,0.5,0.0,266,0.882,False,,,,,,,,1.01,233
1h,long only,1.0,5.0%,0.5,10.0,239,0.844,False,,,,,,,,1.077,225
1h,long only,1.0,5.0%,0.5,20.0,263,0.875,False,,,,,,,,1.033,232
1h,long only,1.0,5.0%,2.0,0.0,188,0.897,False,,,,,,,,0.992,121
1h,long only,1.0,5.0%,2.0,10.0,161,0.858,False,,,,,,,,1.074,113
1h,long only,1.0,5.0%,2.0,20.0,185,0.89,False,,,,,,,,1.02,120
1h,both,0.25,1.0xATR,0.5,0.0,1217,0.631,False,,,,,,,,0.645,1160
1h,both,0.25,1.0xATR,0.5,10.0,1112,0.583,False,,,,,,,,0.637,1138
1h,both,0.25,1.0xATR,0.5,20.0,1212,0.626,False,,,,,,,,0.65,1159
1h,both,0.25,1.0xATR,2.0,0.0,894,0.643,False,,,,,,,,0.715,617
1h,both,0.25,1.0xATR,2.0,10.0,789,0.593,False,,,,,,,,0.712,595
1h,both,0.25,1.0xATR,2.0,20.0,889,0.638,False,,,,,,,,0.723,616
1h,both,0.25,2.0xATR,0.5,0.0,995,0.69,False,,,,,,,,0.702,958
1h,both,0.25,2.0xATR,0.5,10.0,922,0.591,False,,,,,,,,0.721,941
1h,both,0.25,2.0xATR,0.5,20.0,992,0.666,False,,,,,,,,0.714,957
1h,both,0.25,2.0xATR,2.0,0.0,693,0.713,False,,,,,,,,0.742,485
1h,both,0.25,2.0xATR,2.0,10.0,620,0.607,False,,,,,,,,0.773,468
1h,both,0.25,2.0xATR,2.0,20.0,690,0.687,False,,,,,,,,0.759,484
1h,both,0.25,3.0xATR,0.5,0.0,900,0.646,False,,,,,,,,0.739,871
1h,both,0.25,3.0xATR,0.5,10.0,837,0.574,False,,,,,,,,0.782,857
1h,both,0.25,3.0xATR,0.5,20.0,897,0.623,False,,,,,,,,0.759,870
1h,both,0.25,3.0xATR,2.0,0.0,614,0.672,False,,,,,,,,0.783,429
1h,both,0.25,3.0xATR,2.0,10.0,551,0.597,False,,,,,,,,0.848,415
1h,both,0.25,3.0xATR,2.0,20.0,611,0.646,False,,,,,,,,0.811,428
1h,both,0.25,3.0%,0.5,0.0,940,0.645,False,,,,,,,,0.683,807
1h,both,0.25,3.0%,0.5,10.0,853,0.586,False,,,,,,,,0.688,790
1h,both,0.25,3.0%,0.5,20.0,935,0.64,False,,,,,,,,0.689,806
1h,both,0.25,3.0%,2.0,0.0,670,0.651,False,,,,,,,,0.771,407
1h,both,0.25,3.0%,2.0,10.0,583,0.588,False,,,,,,,,0.787,390
1h,both,0.25,3.0%,2.0,20.0,665,0.646,False,,,,,,,,0.779,406
1h,both,0.25,5.0%,0.5,0.0,839,0.665,False,,,,,,,,0.676,724
1h,both,0.25,5.0%,0.5,10.0,766,0.578,False,,,,,,,,0.693,710
1h,both,0.25,5.0%,0.5,20.0,835,0.646,False,,,,,,,,0.686,723
1h,both,0.25,5.0%,2.0,0.0,580,0.667,False,,,,,,,,0.803,360
1h,both,0.25,5.0%,2.0,10.0,507,0.574,False,,,,,,,,0.848,346
1h,both,0.25,5.0%,2.0,20.0,576,0.647,False,,,,,,,,0.819,359
1h,both,0.5,1.0xATR,0.5,0.0,1165,0.652,False,,,,,,,,0.684,1098
1h,both,0.5,1.0xATR,0.5,10.0,1066,0.601,False,,,,,,,,0.701,1077
1h,both,0.5,1.0xATR,0.5,20.0,1163,0.644,False,,,,,,,,0.688,1097
1h,both,0.5,1.0xATR,2.0,0.0,860,0.654,False,,,,,,,,0.694,587
1h,both,0.5,1.0xATR,2.0,10.0,761,0.597,False,,,,,,,,0.72,566
1h,both,0.5,1.0xATR,2.0,20.0,858,0.646,False,,,,,,,,0.701,586
1h,both,0.5,2.0xATR,0.5,0.0,885,0.705,False,,,,,,,,0.748,837
1h,both,0.5,2.0xATR,0.5,10.0,822,0.627,False,,,,,,,,0.763,824
1h,both,0.5,2.0xATR,0.5,20.0,883,0.703,False,,,,,,,,0.758,836
1h,both,0.5,2.0xATR,2.0,0.0,617,0.721,False,,,,,,,,0.737,421
1h,both,0.5,2.0xATR,2.0,10.0,554,0.635,False,,,,,,,,0.757,408
1h,both,0.5,2.0xATR,2.0,20.0,615,0.718,False,,,,,,,,0.75,420
1h,both,0.5,3.0xATR,0.5,0.0,777,0.66,False,,,,,,,,0.745,716
1h,both,0.5,3.0xATR,0.5,10.0,724,0.612,False,,,,,,,,0.783,705
1h,both,0.5,3.0xATR,0.5,20.0,775,0.66,False,,,,,,,,0.761,715
1h,both,0.5,3.0xATR,2.0,0.0,525,0.677,False,,,,,,,,0.736,349
1h,both,0.5,3.0xATR,2.0,10.0,472,0.626,False,,,,,,,,0.784,338
1h,both,0.5,3.0xATR,2.0,20.0,523,0.677,False,,,,,,,,0.756,348
1h,both,0.5,3.0%,0.5,0.0,828,0.637,False,,,,,,,,0.719,652
1h,both,0.5,3.0%,0.5,10.0,745,0.581,False,,,,,,,,0.742,637
1h,both,0.5,3.0%,0.5,20.0,824,0.645,False,,,,,,,,0.723,651
1h,both,0.5,3.0%,2.0,0.0,593,0.636,False,,,,,,,,0.721,327
1h,both,0.5,3.0%,2.0,10.0,510,0.574,False,,,,,,,,0.751,312
1h,both,0.5,3.0%,2.0,20.0,589,0.645,False,,,,,,,,0.727,326
1h,both,0.5,5.0%,0.5,0.0,704,0.651,False,,,,,,,,0.723,569
1h,both,0.5,5.0%,0.5,10.0,637,0.595,False,,,,,,,,0.751,559
1h,both,0.5,5.0%,0.5,20.0,701,0.65,False,,,,,,,,0.731,568
1h,both,0.5,5.0%,2.0,0.0,484,0.654,False,,,,,,,,0.756,275
1h,both,0.5,5.0%,2.0,10.0,417,0.591,False,,,,,,,,0.799,265
1h,both,0.5,5.0%,2.0,20.0,481,0.653,False,,,,,,,,0.768,274
1h,both,0.75,1.0xATR,0.5,0.0,1139,0.719,False,,,,,,,,0.726,1067
1h,both,0.75,1.0xATR,0.5,10.0,1047,0.686,False,,,,,,,,0.751,1047
1h,both,0.75,1.0xATR,0.5,20.0,1137,0.708,False,,,,,,,,0.731,1066
1h,both,0.75,1.0xATR,2.0,0.0,845,0.724,False,,,,,,,,0.717,576
1h,both,0.75,1.0xATR,2.0,10.0,753,0.686,False,,,,,,,,0.752,556
1h,both,0.75,1.0xATR,2.0,20.0,843,0.711,False,,,,,,,,0.724,575
1h,both,0.75,2.0xATR,0.5,0.0,835,0.74,False,,,,,,,,0.822,776
1h,both,0.75,2.0xATR,0.5,10.0,779,0.696,False,,,,,,,,0.845,766
1h,both,0.75,2.0xATR,0.5,20.0,833,0.734,False,,,,,,,,0.832,775
1h,both,0.75,2.0xATR,2.0,0.0,589,0.751,False,,,,,,,,0.796,399
1h,both,0.75,2.0xATR,2.0,10.0,533,0.703,False,,,,,,,,0.83,388
1h,both,0.75,2.0xATR,2.0,20.0,587,0.745,False,,,,,,,,0.809,398
1h,both,0.75,3.0xATR,0.5,0.0,708,0.694,False,,,,,,,,0.854,649
1h,both,0.75,3.0xATR,0.5,10.0,666,0.675,False,,,,,,,,0.9,641
1h,both,0.75,3.0xATR,0.5,20.0,706,0.69,False,,,,,,,,0.871,648
1h,both,0.75,3.0xATR,2.0,0.0,483,0.708,False,,,,,,,,0.827,325
1h,both,0.75,3.0xATR,2.0,10.0,441,0.691,False,,,,,,,,0.887,317
1h,both,0.75,3.0xATR,2.0,20.0,481,0.705,False,,,,,,,,0.848,324
1h,both,0.75,3.0%,0.5,0.0,771,0.692,False,,,,,,,,0.838,584
1h,both,0.75,3.0%,0.5,10.0,693,0.665,False,,,,,,,,0.864,570
1h,both,0.75,3.0%,0.5,20.0,767,0.7,False,,,,,,,,0.844,583
1h,both,0.75,3.0%,2.0,0.0,561,0.697,False,,,,,,,,0.83,304
1h,both,0.75,3.0%,2.0,10.0,483,0.667,False,,,,,,,,0.865,290
1h,both,0.75,3.0%,2.0,20.0,557,0.706,False,,,,,,,,0.837,303
1h,both,0.75,5.0%,0.5,0.0,634,0.699,False,,,,,,,,0.84,501
1h,both,0.75,5.0%,0.5,10.0,576,0.668,False,,,,,,,,0.877,491
1h,both,0.75,5.0%,0.5,20.0,631,0.695,False,,,,,,,,0.85,500
1h,both,0.75,5.0%,2.0,0.0,441,0.707,False,,,,,,,,0.844,249
1h,both,0.75,5.0%,2.0,10.0,383,0.673,False,,,,,,,,0.895,240
1h,both,0.75,5.0%,2.0,20.0,438,0.702,False,,,,,,,,0.857,248
1h,both,1.0,1.0xATR,0.5,0.0,1114,0.702,False,,,,,,,,0.783,1051
1h,both,1.0,1.0xATR,0.5,10.0,1024,0.675,False,,,,,,,,0.803,1031
1h,both,1.0,1.0xATR,0.5,20.0,1112,0.691,False,,,,,,,,0.787,1050
1h,both,1.0,1.0xATR,2.0,0.0,833,0.703,False,,,,,,,,0.784,574
1h,both,1.0,1.0xATR,2.0,10.0,743,0.672,False,,,,,,,,0.814,554
1h,both,1.0,1.0xATR,2.0,20.0,831,0.69,False,,,,,,,,0.79,573
1h,both,1.0,2.0xATR,0.5,0.0,799,0.715,False,,,,,,,,0.889,748
1h,both,1.0,2.0xATR,0.5,10.0,746,0.676,False,,,,,,,,0.909,739
1h,both,1.0,2.0xATR,0.5,20.0,797,0.709,False,,,,,,,,0.899,747
1h,both,1.0,2.0xATR,2.0,0.0,571,0.726,False,,,,,,,,0.878,393
1h,both,1.0,2.0xATR,2.0,10.0,518,0.683,False,,,,,,,,0.909,382
1h,both,1.0,2.0xATR,2.0,20.0,569,0.719,False,,,,,,,,0.892,392
1h,both,1.0,3.0xATR,0.5,0.0,662,0.678,False,,,,,,,,0.923,611
1h,both,1.0,3.0xATR,0.5,10.0,623,0.654,False,,,,,,,,0.967,604
1h,both,1.0,3.0xATR,0.5,20.0,660,0.674,False,,,,,,,,0.94,610
1h,both,1.0,3.0xATR,2.0,0.0,461,0.691,False,,,,,,,,0.91,318
1h,both,1.0,3.0xATR,2.0,10.0,422,0.667,False,,,,,,,,0.968,310
1h,both,1.0,3.0xATR,2.0,20.0,459,0.687,False,,,,,,,,0.932,317
1h,both,1.0,3.0%,0.5,0.0,730,0.668,False,,,,,,,,0.887,548
1h,both,1.0,3.0%,0.5,10.0,654,0.646,False,,,,,,,,0.907,535
1h,both,1.0,3.0%,0.5,20.0,726,0.676,False,,,,,,,,0.892,547
1h,both,1.0,3.0%,2.0,0.0,542,0.668,False,,,,,,,,0.894,298
1h,both,1.0,3.0%,2.0,10.0,466,0.643,False,,,,,,,,0.922,284
1h,both,1.0,3.0%,2.0,20.0,538,0.677,False,,,,,,,,0.901,297
1h,both,1.0,5.0%,0.5,0.0,586,0.68,False,,,,,,,,0.913,463
1h,both,1.0,5.0%,0.5,10.0,531,0.652,False,,,,,,,,0.948,454
1h,both,1.0,5.0%,0.5,20.0,583,0.675,False,,,,,,,,0.923,462
1h,both,1.0,5.0%,2.0,0.0,417,0.691,False,,,,,,,,0.945,242
1h,both,1.0,5.0%,2.0,10.0,362,0.661,False,,,,,,,,0.995,233
1h,both,1.0,5.0%,2.0,20.0,414,0.686,False,,,,,,,,0.959,241
4h,long only,0.25,1.0xATR,0.5,0.0,134,1.035,True,0.738,160.0,0.02,146.0,0.859,4.8,-7.47,0.738,160
4h,long only,0.25,1.0xATR,0.5,10.0,86,0.798,False,,,,,,,,1.069,135
4h,long only,0.25,1.0xATR,0.5,20.0,122,1.013,True,0.903,155.0,0.016,139.0,0.936,2.5,-5.67,0.903,155
4h,long only,0.25,1.0xATR,2.0,0.0,102,1.084,True,0.768,117.0,0.033,109.0,0.898,5.0,-7.47,0.768,117
4h,long only,0.25,1.0xATR,2.0,10.0,54,0.91,False,,,,,,,,1.188,92
4h,long only,0.25,1.0xATR,2.0,20.0,90,1.081,True,0.958,112.0,0.027,102.0,0.996,2.6,-5.67,0.958,112
4h,long only,0.25,2.0xATR,0.5,0.0,114,0.842,False,,,,,,,,0.734,141
4h,long only,0.25,2.0xATR,0.5,10.0,77,0.675,False,,,,,,,,0.91,123
4h,long only,0.25,2.0xATR,0.5,20.0,106,0.867,False,,,,,,,,0.847,140
4h,long only,0.25,2.0xATR,2.0,0.0,87,0.862,False,,,,,,,,0.757,100
4h,long only,0.25,2.0xATR,2.0,10.0,50,0.714,False,,,,,,,,0.976,82
4h,long only,0.25,2.0xATR,2.0,20.0,79,0.894,False,,,,,,,,0.884,99
4h,long only,0.25,3.0xATR,0.5,0.0,105,0.747,False,,,,,,,,0.892,129
4h,long only,0.25,3.0xATR,0.5,10.0,74,0.55,False,,,,,,,,0.939,117
4h,long only,0.25,3.0xATR,0.5,20.0,98,0.777,False,,,,,,,,0.968,129
4h,long only,0.25,3.0xATR,2.0,0.0,78,0.773,False,,,,,,,,0.974,88
4h,long only,0.25,3.0xATR,2.0,10.0,47,0.592,False,,,,,,,,1.073,76
4h,long only,0.25,3.0xATR,2.0,20.0,71,0.814,False,,,,,,,,1.068,88
4h,long only,0.25,3.0%,0.5,0.0,125,0.905,False,,,,,,,,0.665,144
4h,long only,0.25,3.0%,0.5,10.0,78,0.688,False,,,,,,,,0.933,122
4h,long only,0.25,3.0%,0.5,20.0,111,0.88,False,,,,,,,,0.771,139
4h,long only,0.25,3.0%,2.0,0.0,98,0.942,False,,,,,,,,0.699,103
4h,long only,0.25,3.0%,2.0,10.0,51,0.757,False,,,,,,,,1.05,81
4h,long only,0.25,3.0%,2.0,20.0,84,0.928,False,,,,,,,,0.823,98
4h,long only,0.25,5.0%,0.5,0.0,115,0.893,False,,,,,,,,0.712,131
4h,long only,0.25,5.0%,0.5,10.0,73,0.602,False,,,,,,,,0.865,114
4h,long only,0.25,5.0%,0.5,20.0,103,0.849,False,,,,,,,,0.92,126
4h,long only,0.25,5.0%,2.0,0.0,89,0.919,False,,,,,,,,0.796,90
4h,long only,0.25,5.0%,2.0,10.0,47,0.64,False,,,,,,,,1.072,73
4h,long only,0.25,5.0%,2.0,20.0,77,0.882,False,,,,,,,,1.08,85
4h,long only,0.5,1.0xATR,0.5,0.0,120,0.954,False,,,,,,,,0.807,157
4h,long only,0.5,1.0xATR,0.5,10.0,81,1.012,True,1.038,132.0,0.007,118.0,0.994,3.3,-3.66,1.038,132
4h,long only,0.5,1.0xATR,0.5,20.0,110,0.888,False,,,,,,,,0.937,152
4h,long only,0.5,1.0xATR,2.0,0.0,92,0.978,False,,,,,,,,0.835,116
4h,long only,0.5,1.0xATR,2.0,10.0,53,1.095,True,1.127,91.0,0.012,81.0,1.074,3.6,-3.66,1.127,91
4h,long only,0.5,1.0xATR,2.0,20.0,82,0.916,False,,,,,,,,0.986,111
4h,long only,0.5,2.0xATR,0.5,0.0,98,0.826,False,,,,,,,,0.864,128
4h,long only,0.5,2.0xATR,0.5,10.0,71,0.867,False,,,,,,,,1.078,111
4h,long only,0.5,2.0xATR,0.5,20.0,91,0.764,False,,,,,,,,0.966,127
4h,long only,0.5,2.0xATR,2.0,0.0,75,0.825,False,,,,,,,,0.891,92
4h,long only,0.5,2.0xATR,2.0,10.0,48,0.87,False,,,,,,,,1.159,75
4h,long only,0.5,2.0xATR,2.0,20.0,68,0.761,False,,,,,,,,1.007,91
4h,long only,0.5,3.0xATR,0.5,0.0,88,0.761,False,,,,,,,,0.989,112
4h,long only,0.5,3.0xATR,0.5,10.0,68,0.668,False,,,,,,,,1.052,102
4h,long only,0.5,3.0xATR,0.5,20.0,82,0.715,False,,,,,,,,1.062,112
4h,long only,0.5,3.0xATR,2.0,0.0,65,0.768,False,,,,,,,,1.093,77
4h,long only,0.5,3.0xATR,2.0,10.0,45,0.675,False,,,,,,,,1.221,67
4h,long only,0.5,3.0xATR,2.0,20.0,59,0.722,False,,,,,,,,1.185,77
4h,long only,0.5,3.0%,0.5,0.0,115,0.906,False,,,,,,,,0.759,131
4h,long only,0.5,3.0%,0.5,10.0,73,0.878,False,,,,,,,,1.003,109
4h,long only,0.5,3.0%,0.5,20.0,101,0.83,False,,,,,,,,0.849,126
4h,long only,0.5,3.0%,2.0,0.0,92,0.917,False,,,,,,,,0.805,96
4h,long only,0.5,3.0%,2.0,10.0,50,0.902,False,,,,,,,,1.136,74
4h,long only,0.5,3.0%,2.0,20.0,78,0.84,False,,,,,,,,0.913,91
4h,long only,0.5,5.0%,0.5,0.0,97,0.882,False,,,,,,,,0.794,114
4h,long only,0.5,5.0%,0.5,10.0,67,0.724,False,,,,,,,,0.912,99
4h,long only,0.5,5.0%,0.5,20.0,86,0.864,False,,,,,,,,0.958,109
4h,long only,0.5,5.0%,2.0,0.0,75,0.887,False,,,,,,,,0.874,79
4h,long only,0.5,5.0%,2.0,10.0,45,0.725,False,,,,,,,,1.078,64
4h,long only,0.5,5.0%,2.0,20.0,64,0.871,False,,,,,,,,1.092,74
4h,long only,0.75,1.0xATR,0.5,0.0,115,0.902,False,,,,,,,,0.757,155
4h,long only,0.75,1.0xATR,0.5,10.0,80,0.787,False,,,,,,,,0.929,131
4h,long only,0.75,1.0xATR,0.5,20.0,107,0.812,False,,,,,,,,0.856,150
4h,long only,0.75,1.0xATR,2.0,0.0,88,0.926,False,,,,,,,,0.792,115
4h,long only,0.75,1.0xATR,2.0,10.0,53,0.825,False,,,,,,,,1.019,91
4h,long only,0.75,1.0xATR,2.0,20.0,80,0.834,False,,,,,,,,0.912,110
4h,long only,0.75,2.0xATR,0.5,0.0,93,0.737,False,,,,,,,,0.816,122
4h,long only,0.75,2.0xATR,0.5,10.0,69,0.654,False,,,,,,,,0.943,106
4h,long only,0.75,2.0xATR,0.5,20.0,87,0.689,False,,,,,,,,0.892,121
4h,long only,0.75,2.0xATR,2.0,0.0,71,0.734,False,,,,,,,,0.848,88
4h,long only,0.75,2.0xATR,2.0,10.0,47,0.641,False,,,,,,,,1.015,72
4h,long only,0.75,2.0xATR,2.0,20.0,65,0.683,False,,,,,,,,0.937,87
4h,long only,0.75,3.0xATR,0.5,0.0,79,0.735,False,,,,,,,,0.948,102
4h,long only,0.75,3.0xATR,0.5,10.0,63,0.621,False,,,,,,,,0.95,92
4h,long only,0.75,3.0xATR,0.5,20.0,74,0.71,False,,,,,,,,1.014,102
4h,long only,0.75,3.0xATR,2.0,0.0,59,0.732,False,,,,,,,,1.05,70
4h,long only,0.75,3.0xATR,2.0,10.0,43,0.606,False,,,,,,,,1.091,60
4h,long only,0.75,3.0xATR,2.0,20.0,54,0.704,False,,,,,,,,1.131,70
4h,long only,0.75,3.0%,0.5,0.0,110,0.808,False,,,,,,,,0.709,125
4h,long only,0.75,3.0%,0.5,10.0,70,0.752,False,,,,,,,,0.879,104
4h,long only,0.75,3.0%,0.5,20.0,96,0.8,False,,,,,,,,0.777,120
4h,long only,0.75,3.0%,2.0,0.0,89,0.803,False,,,,,,,,0.757,92
4h,long only,0.75,3.0%,2.0,10.0,49,0.738,False,,,,,,,,0.992,71
4h,long only,0.75,3.0%,2.0,20.0,75,0.794,False,,,,,,,,0.841,87
4h,long only,0.75,5.0%,0.5,0.0,90,0.775,False,,,,,,,,0.825,105
4h,long only,0.75,5.0%,0.5,10.0,64,0.589,False,,,,,,,,0.88,90
4h,long only,0.75,5.0%,0.5,20.0,80,0.756,False,,,,,,,,0.971,100
4h,long only,0.75,5.0%,2.0,0.0,70,0.768,False,,,,,,,,0.927,73
4h,long only,0.75,5.0%,2.0,10.0,44,0.566,False,,,,,,,,1.054,58
4h,long only,0.75,5.0%,2.0,20.0,60,0.746,False,,,,,,,,1.128,68
4h,long only,1.0,1.0xATR,0.5,0.0,113,1.134,True,0.801,150.0,0.046,138.0,0.903,7.5,-7.47,0.801,150
4h,long only,1.0,1.0xATR,0.5,10.0,78,0.973,False,,,,,,,,0.981,129
4h,long only,1.0,1.0xATR,0.5,20.0,105,1.019,True,0.904,145.0,0.03,131.0,0.926,3.8,-5.67,0.904,145
4h,long only,1.0,1.0xATR,2.0,0.0,88,1.182,True,0.816,111.0,0.074,101.0,0.933,7.9,-7.47,0.816,111
4h,long only,1.0,1.0xATR,2.0,10.0,53,1.056,True,1.04,89.0,0.016,81.0,0.998,4.7,-4.73,1.04,89
4h,long only,1.0,1.0xATR,2.0,20.0,80,1.069,True,0.936,106.0,0.05,94.0,0.964,4.1,-5.67,0.936,106
4h,long only,1.0,2.0xATR,0.5,0.0,89,0.924,False,,,,,,,,0.774,116
4h,long only,1.0,2.0xATR,0.5,10.0,65,0.799,False,,,,,,,,1.021,102
4h,long only,1.0,2.0xATR,0.5,20.0,83,0.864,False,,,,,,,,0.843,115
4h,long only,1.0,2.0xATR,2.0,0.0,71,0.933,False,,,,,,,,0.777,83
4h,long only,1.0,2.0xATR,2.0,10.0,47,0.809,False,,,,,,,,1.068,68
4h,long only,1.0,2.0xATR,2.0,20.0,65,0.873,False,,,,,,,,0.854,82
4h,long only,1.0,3.0xATR,0.5,0.0,75,0.915,False,,,,,,,,0.889,95
4h,long only,1.0,3.0xATR,0.5,10.0,59,0.751,False,,,,,,,,1.001,88
4h,long only,1.0,3.0xATR,0.5,20.0,70,0.881,False,,,,,,,,0.894,95
4h,long only,1.0,3.0xATR,2.0,0.0,59,0.924,False,,,,,,,,0.953,64
4h,long only,1.0,3.0xATR,2.0,10.0,43,0.756,False,,,,,,,,1.113,56
4h,long only,1.0,3.0xATR,2.0,20.0,54,0.89,False,,,,,,,,0.959,64
4h,long only,1.0,3.0%,0.5,0.0,106,1.012,True,0.733,118.0,0.035,122.0,0.81,7.6,-3.18,0.733,118
4h,long only,1.0,3.0%,0.5,10.0,66,0.914,False,,,,,,,,0.948,99
4h,long only,1.0,3.0%,0.5,20.0,92,0.999,False,,,,,,,,0.802,113
4h,long only,1.0,3.0%,2.0,0.0,89,1.02,True,0.762,86.0,0.055,88.0,0.829,8.0,-3.18,0.762,86
4h,long only,1.0,3.0%,2.0,10.0,49,0.924,False,,,,,,,,1.041,66
4h,long only,1.0,3.0%,2.0,20.0,75,1.009,True,0.845,81.0,0.061,81.0,0.883,4.9,-3.18,0.845,81
4h,long only,1.0,5.0%,0.5,0.0,86,0.959,False,,,,,,,,0.75,97
4h,long only,1.0,5.0%,0.5,10.0,60,0.704,False,,,,,,,,0.942,85
4h,long only,1.0,5.0%,0.5,20.0,76,0.931,False,,,,,,,,0.874,92
4h,long only,1.0,5.0%,2.0,0.0,70,0.963,False,,,,,,,,0.813,66
4h,long only,1.0,5.0%,2.0,10.0,44,0.699,False,,,,,,,,1.095,53
4h,long only,1.0,5.0%,2.0,20.0,60,0.935,False,,,,,,,,0.975,61
4h,both,0.25,1.0xATR,0.5,0.0,282,0.993,False,,,,,,,,0.67,312
4h,both,0.25,1.0xATR,0.5,10.0,170,0.857,False,,,,,,,,0.862,267
4h,both,0.25,1.0xATR,0.5,20.0,260,0.949,False,,,,,,,,0.733,307
4h,both,0.25,1.0xATR,2.0,0.0,238,1.025,True,0.704,240.0,0.039,230.0,0.873,2.3,-7.77,0.704,240
4h,both,0.25,1.0xATR,2.0,10.0,126,0.944,False,,,,,,,,0.95,195
4h,both,0.25,1.0xATR,2.0,20.0,216,0.988,False,,,,,,,,0.777,235
4h,both,0.25,2.0xATR,0.5,0.0,241,0.952,False,,,,,,,,0.7,265
4h,both,0.25,2.0xATR,0.5,10.0,153,0.902,False,,,,,,,,0.865,236
4h,both,0.25,2.0xATR,0.5,20.0,225,0.836,False,,,,,,,,0.751,264
4h,both,0.25,2.0xATR,2.0,0.0,203,0.97,False,,,,,,,,0.753,196
4h,both,0.25,2.0xATR,2.0,10.0,115,0.96,False,,,,,,,,0.984,167
4h,both,0.25,2.0xATR,2.0,20.0,187,0.854,False,,,,,,,,0.814,195
4h,both,0.25,3.0xATR,0.5,0.0,222,0.896,False,,,,,,,,0.829,239
4h,both,0.25,3.0xATR,0.5,10.0,145,0.928,False,,,,,,,,0.96,218
4h,both,0.25,3.0xATR,0.5,20.0,207,0.802,False,,,,,,,,0.862,239
4h,both,0.25,3.0xATR,2.0,0.0,184,0.922,False,,,,,,,,0.939,172
4h,both,0.25,3.0xATR,2.0,10.0,107,1.025,True,1.173,151.0,0.021,134.0,1.092,1.1,-10.78,1.173,151
4h,both,0.25,3.0xATR,2.0,20.0,169,0.829,False,,,,,,,,0.982,172
4h,both,0.25,3.0%,0.5,0.0,265,0.972,False,,,,,,,,0.647,269
4h,both,0.25,3.0%,0.5,10.0,155,0.901,False,,,,,,,,0.778,235
4h,both,0.25,3.0%,0.5,20.0,239,0.915,False,,,,,,,,0.694,264
4h,both,0.25,3.0%,2.0,0.0,227,1.003,True,0.725,200.0,0.036,202.0,0.864,2.3,-3.27,0.725,200
4h,both,0.25,3.0%,2.0,10.0,117,0.992,False,,,,,,,,0.937,166
4h,both,0.25,3.0%,2.0,20.0,201,0.951,False,,,,,,,,0.787,195
4h,both,0.25,5.0%,0.5,0.0,241,0.938,False,,,,,,,,0.7,238
4h,both,0.25,5.0%,0.5,10.0,144,0.932,False,,,,,,,,0.804,212
4h,both,0.25,5.0%,0.5,20.0,219,0.878,False,,,,,,,,0.791,233
4h,both,0.25,5.0%,2.0,0.0,204,0.969,False,,,,,,,,0.834,171
4h,both,0.25,5.0%,2.0,10.0,107,1.041,True,1.069,145.0,0.021,136.0,1.045,1.1,-5.16,1.069,145
4h,both,0.25,5.0%,2.0,20.0,182,0.914,False,,,,,,,,0.972,166
4h,both,0.5,1.0xATR,0.5,0.0,258,1.019,True,0.671,308.0,0.036,301.0,0.836,3.6,-7.77,0.671,308
4h,both,0.5,1.0xATR,0.5,10.0,160,1.01,True,0.866,263.0,0.013,250.0,0.91,1.6,-3.77,0.866,263
4h,both,0.5,1.0xATR,0.5,20.0,241,0.933,False,,,,,,,,0.718,303
4h,both,0.5,1.0xATR,2.0,0.0,218,1.04,True,0.682,238.0,0.057,219.0,0.856,3.7,-7.77,0.682,238
4h,both,0.5,1.0xATR,2.0,10.0,120,1.07,True,0.913,193.0,0.023,168.0,0.961,1.7,-3.77,0.913,193
4h,both,0.5,1.0xATR,2.0,20.0,201,0.954,False,,,,,,,,0.735,233
4h,both,0.5,2.0xATR,0.5,0.0,210,0.952,False,,,,,,,,0.751,246
4h,both,0.5,2.0xATR,0.5,10.0,137,0.991,False,,,,,,,,0.973,219
4h,both,0.5,2.0xATR,0.5,20.0,198,0.81,False,,,,,,,,0.792,245
4h,both,0.5,2.0xATR,2.0,0.0,176,0.958,False,,,,,,,,0.785,182
4h,both,0.5,2.0xATR,2.0,10.0,103,1.01,True,1.065,155.0,0.031,133.0,1.025,1.5,-7.43,1.065,155
4h,both,0.5,2.0xATR,2.0,20.0,164,0.813,False,,,,,,,,0.833,181
4h,both,0.5,3.0xATR,0.5,0.0,184,0.908,False,,,,,,,,0.863,211
4h,both,0.5,3.0xATR,0.5,10.0,125,0.947,False,,,,,,,,1.008,195
4h,both,0.5,3.0xATR,0.5,20.0,173,0.782,False,,,,,,,,0.894,211
4h,both,0.5,3.0xATR,2.0,0.0,150,0.92,False,,,,,,,,0.943,150
4h,both,0.5,3.0xATR,2.0,10.0,91,0.987,False,,,,,,,,1.159,134
4h,both,0.5,3.0xATR,2.0,20.0,139,0.792,False,,,,,,,,0.982,150
4h,both,0.5,3.0%,0.5,0.0,246,1.02,True,0.678,249.0,0.03,259.0,0.834,3.4,-3.31,0.678,249
4h,both,0.5,3.0%,0.5,10.0,143,1.009,True,0.874,216.0,0.015,204.0,0.914,1.4,-3.18,0.874,216
4h,both,0.5,3.0%,0.5,20.0,221,0.937,False,,,,,,,,0.715,244
4h,both,0.5,3.0%,2.0,0.0,212,1.035,True,0.731,186.0,0.048,192.0,0.873,3.5,-3.31,0.731,186
4h,both,0.5,3.0%,2.0,10.0,109,1.051,True,0.999,153.0,0.027,137.0,1.006,1.5,-3.18,0.999,153
4h,both,0.5,3.0%,2.0,20.0,187,0.953,False,,,,,,,,0.777,181
4h,both,0.5,5.0%,0.5,0.0,208,0.939,False,,,,,,,,0.754,211
4h,both,0.5,5.0%,0.5,10.0,126,0.959,False,,,,,,,,0.882,189
4h,both,0.5,5.0%,0.5,20.0,189,0.87,False,,,,,,,,0.827,206
4h,both,0.5,5.0%,2.0,0.0,175,0.954,False,,,,,,,,0.85,150
4h,both,0.5,5.0%,2.0,10.0,93,1.006,True,1.066,128.0,0.03,127.0,1.023,1.5,-5.18,1.066,128
4h,both,0.5,5.0%,2.0,20.0,156,0.885,False,,,,,,,,0.952,145
4h,both,0.75,1.0xATR,0.5,0.0,250,0.924,False,,,,,,,,0.652,303
4h,both,0.75,1.0xATR,0.5,10.0,157,0.844,False,,,,,,,,0.818,259
4h,both,0.75,1.0xATR,0.5,20.0,235,0.956,False,,,,,,,,0.693,298
4h,both,0.75,1.0xATR,2.0,0.0,211,0.941,False,,,,,,,,0.66,235
4h,both,0.75,1.0xATR,2.0,10.0,118,0.879,False,,,,,,,,0.855,191
4h,both,0.75,1.0xATR,2.0,20.0,196,0.977,False,,,,,,,,0.705,230
4h,both,0.75,2.0xATR,0.5,0.0,197,0.809,False,,,,,,,,0.719,231
4h,both,0.75,2.0xATR,0.5,10.0,131,0.765,False,,,,,,,,0.88,205
4h,both,0.75,2.0xATR,0.5,20.0,188,0.764,False,,,,,,,,0.752,230
4h,both,0.75,2.0xATR,2.0,0.0,165,0.81,False,,,,,,,,0.739,171
4h,both,0.75,2.0xATR,2.0,10.0,99,0.765,False,,,,,,,,0.936,145
4h,both,0.75,2.0xATR,2.0,20.0,156,0.764,False,,,,,,,,0.777,170
4h,both,0.75,3.0xATR,0.5,0.0,166,0.789,False,,,,,,,,0.827,192
4h,both,0.75,3.0xATR,0.5,10.0,116,0.783,False,,,,,,,,0.905,176
4h,both,0.75,3.0xATR,0.5,20.0,159,0.738,False,,,,,,,,0.856,192
4h,both,0.75,3.0xATR,2.0,0.0,136,0.791,False,,,,,,,,0.886,136
4h,both,0.75,3.0xATR,2.0,10.0,86,0.788,False,,,,,,,,1.001,120
4h,both,0.75,3.0xATR,2.0,20.0,129,0.738,False,,,,,,,,0.92,136
4h,both,0.75,3.0%,0.5,0.0,237,0.881,False,,,,,,,,0.638,234
4h,both,0.75,3.0%,0.5,10.0,137,0.796,False,,,,,,,,0.789,202
4h,both,0.75,3.0%,0.5,20.0,212,0.927,False,,,,,,,,0.668,229
4h,both,0.75,3.0%,2.0,0.0,206,0.884,False,,,,,,,,0.675,175
4h,both,0.75,3.0%,2.0,10.0,106,0.799,False,,,,,,,,0.872,143
4h,both,0.75,3.0%,2.0,20.0,181,0.933,False,,,,,,,,0.711,170
4h,both,0.75,5.0%,0.5,0.0,195,0.806,False,,,,,,,,0.726,191
4h,both,0.75,5.0%,0.5,10.0,119,0.768,False,,,,,,,,0.787,169
4h,both,0.75,5.0%,0.5,20.0,178,0.829,False,,,,,,,,0.786,186
4h,both,0.75,5.0%,2.0,0.0,165,0.81,False,,,,,,,,0.804,135
4h,both,0.75,5.0%,2.0,10.0,89,0.776,False,,,,,,,,0.913,113
4h,both,0.75,5.0%,2.0,20.0,148,0.835,False,,,,,,,,0.884,130
4h,both,1.0,1.0xATR,0.5,0.0,239,0.996,False,,,,,,,,0.703,298
4h,both,1.0,1.0xATR,0.5,10.0,154,0.961,False,,,,,,,,0.877,257
4h,both,1.0,1.0xATR,0.5,20.0,224,1.001,True,0.745,293.0,0.024,272.0,0.855,2.8,-6.59,0.745,293
4h,both,1.0,1.0xATR,2.0,0.0,202,1.017,True,0.704,231.0,0.086,210.0,0.849,4.1,-7.88,0.704,231
4h,both,1.0,1.0xATR,2.0,10.0,117,1.009,True,0.909,189.0,0.022,162.0,0.93,2.4,-4.73,0.909,189
4h,both,1.0,1.0xATR,2.0,20.0,187,1.027,True,0.751,226.0,0.038,192.0,0.875,3.0,-6.59,0.751,226
4h,both,1.0,2.0xATR,0.5,0.0,190,0.858,False,,,,,,,,0.718,223
4h,both,1.0,2.0xATR,0.5,10.0,126,0.853,False,,,,,,,,0.936,199
4h,both,1.0,2.0xATR,0.5,20.0,181,0.784,False,,,,,,,,0.75,222
4h,both,1.0,2.0xATR,2.0,0.0,162,0.86,False,,,,,,,,0.73,165
4h,both,1.0,2.0xATR,2.0,10.0,98,0.859,False,,,,,,,,0.992,140
4h,both,1.0,2.0xATR,2.0,20.0,153,0.785,False,,,,,,,,0.766,164
4h,both,1.0,3.0xATR,0.5,0.0,156,0.873,False,,,,,,,,0.84,181
4h,both,1.0,3.0xATR,0.5,10.0,109,0.883,False,,,,,,,,0.97,168
4h,both,1.0,3.0xATR,0.5,20.0,149,0.794,False,,,,,,,,0.842,181
4h,both,1.0,3.0xATR,2.0,0.0,130,0.877,False,,,,,,,,0.882,127
4h,both,1.0,3.0xATR,2.0,10.0,83,0.894,False,,,,,,,,1.053,113
4h,both,1.0,3.0xATR,2.0,20.0,123,0.797,False,,,,,,,,0.885,127
4h,both,1.0,3.0%,0.5,0.0,226,0.942,False,,,,,,,,0.679,223
4h,both,1.0,3.0%,0.5,10.0,133,0.887,False,,,,,,,,0.856,193
4h,both,1.0,3.0%,0.5,20.0,201,0.969,False,,,,,,,,0.709,218
4h,both,1.0,3.0%,2.0,0.0,199,0.947,False,,,,,,,,0.71,166
4h,both,1.0,3.0%,2.0,10.0,106,0.895,False,,,,,,,,0.938,135
4h,both,1.0,3.0%,2.0,20.0,174,0.976,False,,,,,,,,0.747,161
4h,both,1.0,5.0%,0.5,0.0,184,0.871,False,,,,,,,,0.735,180
4h,both,1.0,5.0%,0.5,10.0,113,0.856,False,,,,,,,,0.866,161
4h,both,1.0,5.0%,0.5,20.0,167,0.877,False,,,,,,,,0.793,175
4h,both,1.0,5.0%,2.0,0.0,158,0.878,False,,,,,,,,0.794,126
4h,both,1.0,5.0%,2.0,10.0,87,0.871,False,,,,,,,,0.983,106
4h,both,1.0,5.0%,2.0,20.0,141,0.885,False,,,,,,,,0.868,121
1d,long only,0.25,1.0xATR,0.5,0.0,13,1.676,False,,,,,,,,0.838,31
1d,long only,0.25,1.0xATR,0.5,10.0,2,0.0,False,,,,,,,,1.847,11
1d,long only,0.25,1.0xATR,0.5,20.0,7,0.84,False,,,,,,,,2.616,18
1d,long only,0.25,1.0xATR,2.0,0.0,12,1.684,False,,,,,,,,0.838,31
1d,long only,0.25,1.0xATR,2.0,10.0,1,0.0,False,,,,,,,,1.847,11
1d,long only,0.25,1.0xATR,2.0,20.0,6,0.849,False,,,,,,,,2.616,18
1d,long only,0.25,2.0xATR,0.5,0.0,12,1.038,False,,,,,,,,0.87,23
1d,long only,0.25,2.0xATR,0.5,10.0,2,0.0,False,,,,,,,,88.001,10
1d,long only,0.25,2.0xATR,0.5,20.0,6,0.708,False,,,,,,,,259.455,14
1d,long only,0.25,2.0xATR,2.0,0.0,11,1.041,False,,,,,,,,0.87,23
1d,long only,0.25,2.0xATR,2.0,10.0,1,0.0,False,,,,,,,,88.001,10
1d,long only,0.25,2.0xATR,2.0,20.0,5,0.714,False,,,,,,,,259.455,14
1d,long only,0.25,3.0xATR,0.5,0.0,10,1.04,False,,,,,,,,1.349,20
1d,long only,0.25,3.0xATR,0.5,10.0,2,0.0,False,,,,,,,,88.001,10
1d,long only,0.25,3.0xATR,0.5,20.0,5,0.68,False,,,,,,,,259.455,14
1d,long only,0.25,3.0xATR,2.0,0.0,9,1.043,False,,,,,,,,1.349,20
1d,long only,0.25,3.0xATR,2.0,10.0,1,0.0,False,,,,,,,,88.001,10
1d,long only,0.25,3.0xATR,2.0,20.0,4,0.686,False,,,,,,,,259.455,14
1d,long only,0.25,3.0%,0.5,0.0,15,1.367,False,,,,,,,,1.218,31
1d,long only,0.25,3.0%,0.5,10.0,2,0.0,False,,,,,,,,2.446,11
1d,long only,0.25,3.0%,0.5,20.0,8,0.42,False,,,,,,,,2.743,18
1d,long only,0.25,3.0%,2.0,0.0,14,1.372,False,,,,,,,,1.218,31
1d,long only,0.25,3.0%,2.0,10.0,1,0.0,False,,,,,,,,2.446,11
1d,long only,0.25,3.0%,2.0,20.0,7,0.422,False,,,,,,,,2.743,18
1d,long only,0.25,5.0%,0.5,0.0,14,1.193,False,,,,,,,,0.924,27
1d,long only,0.25,5.0%,0.5,10.0,2,0.0,False,,,,,,,,1.504,11
1d,long only,0.25,5.0%,0.5,20.0,8,0.451,False,,,,,,,,4.396,15
1d,long only,0.25,5.0%,2.0,0.0,13,1.197,False,,,,,,,,0.924,27
1d,long only,0.25,5.0%,2.0,10.0,1,0.0,False,,,,,,,,1.504,11
1d,long only,0.25,5.0%,2.0,20.0,7,0.453,False,,,,,,,,4.396,15
1d,long only,0.5,1.0xATR,0.5,0.0,13,2.286,False,,,,,,,,0.545,28
1d,long only,0.5,1.0xATR,0.5,10.0,2,0.0,False,,,,,,,,1.215,10
1d,long only,0.5,1.0xATR,0.5,20.0,7,0.775,False,,,,,,,,0.873,15
1d,long only,0.5,1.0xATR,2.0,0.0,12,2.295,False,,,,,,,,0.545,28
1d,long only,0.5,1.0xATR,2.0,10.0,1,0.0,False,,,,,,,,1.215,10
1d,long only,0.5,1.0xATR,2.0,20.0,6,0.78,False,,,,,,,,0.873,15
1d,long only,0.5,2.0xATR,0.5,0.0,12,1.361,False,,,,,,,,0.441,20
1d,long only,0.5,2.0xATR,0.5,10.0,2,0.0,False,,,,,,,,1.983,8
1d,long only,0.5,2.0xATR,0.5,20.0,6,0.536,False,,,,,,,,0.85,11
1d,long only,0.5,2.0xATR,2.0,0.0,11,1.364,False,,,,,,,,0.441,20
1d,long only,0.5,2.0xATR,2.0,10.0,1,0.0,False,,,,,,,,1.983,8
1d,long only,0.5,2.0xATR,2.0,20.0,5,0.539,False,,,,,,,,0.85,11
1d,long only,0.5,3.0xATR,0.5,0.0,10,1.266,False,,,,,,,,0.445,16
1d,long only,0.5,3.0xATR,0.5,10.0,2,0.0,False,,,,,,,,1.337,8
1d,long only,0.5,3.0xATR,0.5,20.0,5,0.431,False,,,,,,,,0.57,11
1d,long only,0.5,3.0xATR,2.0,0.0,9,1.269,False,,,,,,,,0.445,16
1d,long only,0.5,3.0xATR,2.0,10.0,1,0.0,False,,,,,,,,1.337,8
1d,long only,0.5,3.0xATR,2.0,20.0,4,0.433,False,,,,,,,,0.57,11
1d,long only,0.5,3.0%,0.5,0.0,15,2.473,False,,,,,,,,0.712,29
1d,long only,0.5,3.0%,0.5,10.0,2,0.0,False,,,,,,,,1.245,10
1d,long only,0.5,3.0%,0.5,20.0,8,0.85,False,,,,,,,,0.818,16
1d,long only,0.5,3.0%,2.0,0.0,14,2.482,False,,,,,,,,0.712,29
1d,long only,0.5,3.0%,2.0,10.0,1,0.0,False,,,,,,,,1.245,10
1d,long only,0.5,3.0%,2.0,20.0,7,0.855,False,,,,,,,,0.818,16
1d,long only,0.5,5.0%,0.5,0.0,14,1.716,False,,,,,,,,0.562,24
1d,long only,0.5,5.0%,0.5,10.0,2,0.0,False,,,,,,,,1.102,9
1d,long only,0.5,5.0%,0.5,20.0,8,0.52,False,,,,,,,,0.905,12
1d,long only,0.5,5.0%,2.0,0.0,13,1.72,False,,,,,,,,0.562,24
1d,long only,0.5,5.0%,2.0,10.0,1,0.0,False,,,,,,,,1.102,9
1d,long only,0.5,5.0%,2.0,20.0,7,0.522,False,,,,,,,,0.905,12
1d,long only,0.75,1.0xATR,0.5,0.0,13,3.389,False,,,,,,,,0.746,27
1d,long only,0.75,1.0xATR,0.5,10.0,2,0.0,False,,,,,,,,1.634,9
1d,long only,0.75,1.0xATR,0.5,20.0,7,1.159,False,,,,,,,,1.233,14
1d,long only,0.75,1.0xATR,2.0,0.0,12,3.402,False,,,,,,,,0.746,27
1d,long only,0.75,1.0xATR,2.0,10.0,1,0.0,False,,,,,,,,1.634,9
1d,long only,0.75,1.0xATR,2.0,20.0,6,1.167,False,,,,,,,,1.233,14
1d,long only,0.75,2.0xATR,0.5,0.0,12,2.018,False,,,,,,,,0.6,19
1d,long only,0.75,2.0xATR,0.5,10.0,2,0.0,False,,,,,,,,2.652,7
1d,long only,0.75,2.0xATR,0.5,20.0,6,0.803,False,,,,,,,,1.194,10
1d,long only,0.75,2.0xATR,2.0,0.0,11,2.022,False,,,,,,,,0.6,19
1d,long only,0.75,2.0xATR,2.0,10.0,1,0.0,False,,,,,,,,2.652,7
1d,long only,0.75,2.0xATR,2.0,20.0,5,0.806,False,,,,,,,,1.194,10
1d,long only,0.75,3.0xATR,0.5,0.0,10,1.88,False,,,,,,,,0.61,15
1d,long only,0.75,3.0xATR,0.5,10.0,2,0.0,False,,,,,,,,1.788,7
1d,long only,0.75,3.0xATR,0.5,20.0,5,0.646,False,,,,,,,,0.801,10
1d,long only,0.75,3.0xATR,2.0,0.0,9,1.884,False,,,,,,,,0.61,15
1d,long only,0.75,3.0xATR,2.0,10.0,1,0.0,False,,,,,,,,1.788,7
1d,long only,0.75,3.0xATR,2.0,20.0,4,0.648,False,,,,,,,,0.801,10
1d,long only,0.75,3.0%,0.5,0.0,15,3.673,False,,,,,,,,0.974,28
1d,long only,0.75,3.0%,0.5,10.0,2,0.0,False,,,,,,,,1.674,9
1d,long only,0.75,3.0%,0.5,20.0,8,1.281,False,,,,,,,,1.155,15
1d,long only,0.75,3.0%,2.0,0.0,14,3.687,False,,,,,,,,0.974,28
1d,long only,0.75,3.0%,2.0,10.0,1,0.0,False,,,,,,,,1.674,9
1d,long only,0.75,3.0%,2.0,20.0,7,1.289,False,,,,,,,,1.155,15
1d,long only,0.75,5.0%,0.5,0.0,14,2.549,False,,,,,,,,0.766,23
1d,long only,0.75,5.0%,0.5,10.0,2,0.0,False,,,,,,,,1.477,8
1d,long only,0.75,5.0%,0.5,20.0,8,0.784,False,,,,,,,,1.271,11
1d,long only,0.75,5.0%,2.0,0.0,13,2.555,False,,,,,,,,0.766,23
1d,long only,0.75,5.0%,2.0,10.0,1,0.0,False,,,,,,,,1.477,8
1d,long only,0.75,5.0%,2.0,20.0,7,0.787,False,,,,,,,,1.271,11
1d,long only,1.0,1.0xATR,0.5,0.0,13,2.41,False,,,,,,,,0.46,26
1d,long only,1.0,1.0xATR,0.5,10.0,2,0.0,False,,,,,,,,2.196,9
1d,long only,1.0,1.0xATR,0.5,20.0,7,0.583,False,,,,,,,,1.65,14
1d,long only,1.0,1.0xATR,2.0,0.0,12,2.416,False,,,,,,,,0.46,26
1d,long only,1.0,1.0xATR,2.0,10.0,1,0.0,False,,,,,,,,2.196,9
1d,long only,1.0,1.0xATR,2.0,20.0,6,0.586,False,,,,,,,,1.65,14
1d,long only,1.0,2.0xATR,0.5,0.0,11,1.638,False,,,,,,,,0.34,18
1d,long only,1.0,2.0xATR,0.5,10.0,2,0.0,False,,,,,,,,3.565,7
1d,long only,1.0,2.0xATR,0.5,20.0,6,0.364,False,,,,,,,,1.598,10
1d,long only,1.0,2.0xATR,2.0,0.0,10,1.641,False,,,,,,,,0.34,18
1d,long only,1.0,2.0xATR,2.0,10.0,1,0.0,False,,,,,,,,3.565,7
1d,long only,1.0,2.0xATR,2.0,20.0,5,0.365,False,,,,,,,,1.598,10
1d,long only,1.0,3.0xATR,0.5,0.0,9,1.331,False,,,,,,,,0.356,14
1d,long only,1.0,3.0xATR,0.5,10.0,2,0.0,False,,,,,,,,2.404,7
1d,long only,1.0,3.0xATR,0.5,20.0,5,0.273,False,,,,,,,,1.072,10
1d,long only,1.0,3.0xATR,2.0,0.0,8,1.334,False,,,,,,,,0.356,14
1d,long only,1.0,3.0xATR,2.0,10.0,1,0.0,False,,,,,,,,2.404,7
1d,long only,1.0,3.0xATR,2.0,20.0,4,0.274,False,,,,,,,,1.072,10
1d,long only,1.0,3.0%,0.5,0.0,15,2.964,False,,,,,,,,0.619,27
1d,long only,1.0,3.0%,0.5,10.0,2,0.0,False,,,,,,,,2.25,9
1d,long only,1.0,3.0%,0.5,20.0,8,0.858,False,,,,,,,,1.546,15
1d,long only,1.0,3.0%,2.0,0.0,14,2.973,False,,,,,,,,0.619,27
1d,long only,1.0,3.0%,2.0,10.0,1,0.0,False,,,,,,,,2.25,9
1d,long only,1.0,3.0%,2.0,20.0,7,0.862,False,,,,,,,,1.546,15
1d,long only,1.0,5.0%,0.5,0.0,14,1.995,False,,,,,,,,0.455,22
1d,long only,1.0,5.0%,0.5,10.0,2,0.0,False,,,,,,,,1.985,8
1d,long only,1.0,5.0%,0.5,20.0,8,0.524,False,,,,,,,,1.702,11
1d,long only,1.0,5.0%,2.0,0.0,13,1.999,False,,,,,,,,0.455,22
1d,long only,1.0,5.0%,2.0,10.0,1,0.0,False,,,,,,,,1.985,8
1d,long only,1.0,5.0%,2.0,20.0,7,0.526,False,,,,,,,,1.702,11
1d,both,0.25,1.0xATR,0.5,0.0,36,2.195,False,,,,,,,,1.294,53
1d,both,0.25,1.0xATR,0.5,10.0,4,0.0,False,,,,,,,,1.84,20
1d,both,0.25,1.0xATR,0.5,20.0,15,1.428,False,,,,,,,,2.516,31
1d,both,0.25,1.0xATR,2.0,0.0,34,2.2,False,,,,,,,,1.294,53
1d,both,0.25,1.0xATR,2.0,10.0,2,0.0,False,,,,,,,,1.84,20
1d,both,0.25,1.0xATR,2.0,20.0,13,1.441,False,,,,,,,,2.516,31
1d,both,0.25,2.0xATR,0.5,0.0,33,1.863,False,,,,,,,,1.254,42
1d,both,0.25,2.0xATR,0.5,10.0,4,0.0,False,,,,,,,,3.611,19
1d,both,0.25,2.0xATR,0.5,20.0,13,1.748,False,,,,,,,,8.242,26
1d,both,0.25,2.0xATR,2.0,0.0,31,1.866,False,,,,,,,,1.254,42
1d,both,0.25,2.0xATR,2.0,10.0,2,0.0,False,,,,,,,,3.611,19
1d,both,0.25,2.0xATR,2.0,20.0,11,1.766,False,,,,,,,,8.242,26
1d,both,0.25,3.0xATR,0.5,0.0,28,2.094,False,,,,,,,,1.384,39
1d,both,0.25,3.0xATR,0.5,10.0,4,0.0,False,,,,,,,,2.446,19
1d,both,0.25,3.0xATR,0.5,20.0,12,1.681,False,,,,,,,,5.583,26
1d,both,0.25,3.0xATR,2.0,0.0,26,2.099,False,,,,,,,,1.384,39
1d,both,0.25,3.0xATR,2.0,10.0,2,0.0,False,,,,,,,,2.446,19
1d,both,0.25,3.0xATR,2.0,20.0,10,1.698,False,,,,,,,,5.583,26
1d,both,0.25,3.0%,0.5,0.0,41,1.644,True,1.448,54.0,0.186,37.0,1.464,5.3,-3.18,1.448,54
1d,both,0.25,3.0%,0.5,10.0,4,0.0,False,,,,,,,,1.802,20
1d,both,0.25,3.0%,0.5,20.0,16,0.739,False,,,,,,,,2.355,31
1d,both,0.25,3.0%,2.0,0.0,39,1.647,False,,,,,,,,1.448,54
1d,both,0.25,3.0%,2.0,10.0,2,0.0,False,,,,,,,,1.802,20
1d,both,0.25,3.0%,2.0,20.0,14,0.743,False,,,,,,,,2.355,31
1d,both,0.25,5.0%,0.5,0.0,38,1.871,False,,,,,,,,1.418,48
1d,both,0.25,5.0%,0.5,10.0,4,0.0,False,,,,,,,,1.794,20
1d,both,0.25,5.0%,0.5,20.0,16,0.834,False,,,,,,,,4.083,27
1d,both,0.25,5.0%,2.0,0.0,36,1.874,False,,,,,,,,1.418,48
1d,both,0.25,5.0%,2.0,10.0,2,0.0,False,,,,,,,,1.794,20
1d,both,0.25,5.0%,2.0,20.0,14,0.838,False,,,,,,,,4.083,27
1d,both,0.5,1.0xATR,0.5,0.0,32,1.26,False,,,,,,,,0.889,49
1d,both,0.5,1.0xATR,0.5,10.0,4,0.0,False,,,,,,,,1.359,18
1d,both,0.5,1.0xATR,0.5,20.0,14,0.442,False,,,,,,,,1.5,27
1d,both,0.5,1.0xATR,2.0,0.0,30,1.262,False,,,,,,,,0.889,49
1d,both,0.5,1.0xATR,2.0,10.0,2,0.0,False,,,,,,,,1.359,18
1d,both,0.5,1.0xATR,2.0,20.0,12,0.443,False,,,,,,,,1.5,27
1d,both,0.5,2.0xATR,0.5,0.0,29,1.022,False,,,,,,,,0.795,35
1d,both,0.5,2.0xATR,0.5,10.0,4,0.0,False,,,,,,,,1.718,16
1d,both,0.5,2.0xATR,0.5,20.0,12,0.288,False,,,,,,,,1.402,21
1d,both,0.5,2.0xATR,2.0,0.0,27,1.023,False,,,,,,,,0.795,35
1d,both,0.5,2.0xATR,2.0,10.0,2,0.0,False,,,,,,,,1.718,16
1d,both,0.5,2.0xATR,2.0,20.0,10,0.288,False,,,,,,,,1.402,21
1d,both,0.5,3.0xATR,0.5,0.0,25,0.992,False,,,,,,,,0.74,31
1d,both,0.5,3.0xATR,0.5,10.0,4,0.0,False,,,,,,,,1.156,16
1d,both,0.5,3.0xATR,0.5,20.0,11,0.206,False,,,,,,,,0.941,21
1d,both,0.5,3.0xATR,2.0,0.0,23,0.993,False,,,,,,,,0.74,31
1d,both,0.5,3.0xATR,2.0,10.0,2,0.0,False,,,,,,,,1.156,16
1d,both,0.5,3.0xATR,2.0,20.0,9,0.206,False,,,,,,,,0.941,21
1d,both,0.5,3.0%,0.5,0.0,38,1.578,False,,,,,,,,0.949,50
1d,both,0.5,3.0%,0.5,10.0,4,0.0,False,,,,,,,,1.199,18
1d,both,0.5,3.0%,0.5,20.0,15,0.644,False,,,,,,,,1.322,28
1d,both,0.5,3.0%,2.0,0.0,36,1.581,False,,,,,,,,0.949,50
1d,both,0.5,3.0%,2.0,10.0,2,0.0,False,,,,,,,,1.199,18
1d,both,0.5,3.0%,2.0,20.0,13,0.646,False,,,,,,,,1.322,28
1d,both,0.5,5.0%,0.5,0.0,34,1.368,False,,,,,,,,0.849,43
1d,both,0.5,5.0%,0.5,10.0,4,0.0,False,,,,,,,,1.24,17
1d,both,0.5,5.0%,0.5,20.0,15,0.395,False,,,,,,,,1.459,22
1d,both,0.5,5.0%,2.0,0.0,32,1.37,False,,,,,,,,0.849,43
1d,both,0.5,5.0%,2.0,10.0,2,0.0,False,,,,,,,,1.24,17
1d,both,0.5,5.0%,2.0,20.0,13,0.396,False,,,,,,,,1.459,22
1d,both,0.75,1.0xATR,0.5,0.0,31,1.374,False,,,,,,,,0.885,46
1d,both,0.75,1.0xATR,0.5,10.0,4,0.0,False,,,,,,,,1.167,16
1d,both,0.75,1.0xATR,0.5,20.0,14,0.663,False,,,,,,,,1.484,24
1d,both,0.75,1.0xATR,2.0,0.0,29,1.376,False,,,,,,,,0.885,46
1d,both,0.75,1.0xATR,2.0,10.0,2,0.0,False,,,,,,,,1.167,16
1d,both,0.75,1.0xATR,2.0,20.0,12,0.665,False,,,,,,,,1.484,24
1d,both,0.75,2.0xATR,0.5,0.0,28,1.139,False,,,,,,,,0.826,32
1d,both,0.75,2.0xATR,0.5,10.0,4,0.0,False,,,,,,,,1.748,13
1d,both,0.75,2.0xATR,0.5,20.0,12,0.432,False,,,,,,,,1.726,18
1d,both,0.75,2.0xATR,2.0,0.0,26,1.14,False,,,,,,,,0.826,32
1d,both,0.75,2.0xATR,2.0,10.0,2,0.0,False,,,,,,,,1.748,13
1d,both,0.75,2.0xATR,2.0,20.0,10,0.433,False,,,,,,,,1.726,18
1d,both,0.75,3.0xATR,0.5,0.0,23,1.233,False,,,,,,,,0.816,27
1d,both,0.75,3.0xATR,0.5,10.0,4,0.0,False,,,,,,,,1.176,13
1d,both,0.75,3.0xATR,0.5,20.0,11,0.309,False,,,,,,,,1.158,18
1d,both,0.75,3.0xATR,2.0,0.0,21,1.234,False,,,,,,,,0.816,27
1d,both,0.75,3.0xATR,2.0,10.0,2,0.0,False,,,,,,,,1.176,13
1d,both,0.75,3.0xATR,2.0,20.0,9,0.309,False,,,,,,,,1.158,18
1d,both,0.75,3.0%,0.5,0.0,38,1.382,False,,,,,,,,1.118,47
1d,both,0.75,3.0%,0.5,10.0,4,0.0,False,,,,,,,,1.038,16
1d,both,0.75,3.0%,0.5,20.0,15,0.971,False,,,,,,,,1.336,25
1d,both,0.75,3.0%,2.0,0.0,36,1.384,False,,,,,,,,1.118,47
1d,both,0.75,3.0%,2.0,10.0,2,0.0,False,,,,,,,,1.038,16
1d,both,0.75,3.0%,2.0,20.0,13,0.975,False,,,,,,,,1.336,25
1d,both,0.75,5.0%,0.5,0.0,33,1.504,False,,,,,,,,0.898,41
1d,both,0.75,5.0%,0.5,10.0,4,0.0,False,,,,,,,,1.061,15
1d,both,0.75,5.0%,0.5,20.0,15,0.596,False,,,,,,,,1.574,20
1d,both,0.75,5.0%,2.0,0.0,31,1.506,False,,,,,,,,0.898,41
1d,both,0.75,5.0%,2.0,10.0,2,0.0,False,,,,,,,,1.061,15
1d,both,0.75,5.0%,2.0,20.0,13,0.597,False,,,,,,,,1.574,20
1d,both,1.0,1.0xATR,0.5,0.0,31,1.208,False,,,,,,,,0.658,45
1d,both,1.0,1.0xATR,0.5,10.0,4,0.0,False,,,,,,,,1.558,16
1d,both,1.0,1.0xATR,0.5,20.0,14,0.51,False,,,,,,,,1.943,24
1d,both,1.0,1.0xATR,2.0,0.0,29,1.209,False,,,,,,,,0.658,45
1d,both,1.0,1.0xATR,2.0,10.0,2,0.0,False,,,,,,,,1.558,16
1d,both,1.0,1.0xATR,2.0,20.0,12,0.511,False,,,,,,,,1.943,24
1d,both,1.0,2.0xATR,0.5,0.0,27,1.068,False,,,,,,,,0.594,31
1d,both,1.0,2.0xATR,0.5,10.0,4,0.0,False,,,,,,,,2.336,13
1d,both,1.0,2.0xATR,0.5,20.0,12,0.319,False,,,,,,,,2.262,18
1d,both,1.0,2.0xATR,2.0,0.0,25,1.069,False,,,,,,,,0.594,31
1d,both,1.0,2.0xATR,2.0,10.0,2,0.0,False,,,,,,,,2.336,13
1d,both,1.0,2.0xATR,2.0,20.0,10,0.32,False,,,,,,,,2.262,18
1d,both,1.0,3.0xATR,0.5,0.0,22,1.029,False,,,,,,,,0.565,26
1d,both,1.0,3.0xATR,0.5,10.0,4,0.0,False,,,,,,,,1.571,13
1d,both,1.0,3.0xATR,0.5,20.0,11,0.226,False,,,,,,,,1.517,18
1d,both,1.0,3.0xATR,2.0,0.0,20,1.03,False,,,,,,,,0.565,26
1d,both,1.0,3.0xATR,2.0,10.0,2,0.0,False,,,,,,,,1.571,13
1d,both,1.0,3.0xATR,2.0,20.0,9,0.226,False,,,,,,,,1.517,18
1d,both,1.0,3.0%,0.5,0.0,38,1.386,False,,,,,,,,0.848,46
1d,both,1.0,3.0%,0.5,10.0,4,0.0,False,,,,,,,,1.385,16
1d,both,1.0,3.0%,0.5,20.0,15,0.822,False,,,,,,,,1.749,25
1d,both,1.0,3.0%,2.0,0.0,36,1.387,False,,,,,,,,0.848,46
1d,both,1.0,3.0%,2.0,10.0,2,0.0,False,,,,,,,,1.385,16
1d,both,1.0,3.0%,2.0,20.0,13,0.826,False,,,,,,,,1.749,25
1d,both,1.0,5.0%,0.5,0.0,33,1.305,False,,,,,,,,0.678,40
1d,both,1.0,5.0%,0.5,10.0,4,0.0,False,,,,,,,,1.418,15
1d,both,1.0,5.0%,0.5,20.0,15,0.504,False,,,,,,,,2.064,20
1d,both,1.0,5.0%,2.0,0.0,31,1.306,False,,,,,,,,0.678,40
1d,both,1.0,5.0%,2.0,10.0,2,0.0,False,,,,,,,,1.418,15
1d,both,1.0,5.0%,2.0,20.0,13,0.506,False,,,,,,,,2.064,20
