label,timeframe,start,end,years,trades,wins,losses,win_rate,profit_factor,net_profit,net_profit_pct,cagr_pct,max_dd_pct,sharpe,avg_trade_pct,avg_win_pct,avg_loss_pct,tp_exits,sl_exits,long_trades,long_wr,long_pnl,short_trades,short_wr,short_pnl,exposure_pct,avg_bars_held,sep_pct,sl_kind,sl_val,direction
sep 0.5% / Percent 3.0,1w,2012-01-02,2026-09-07,14.68,11,2,9,18.18,3.011,5647.6,5.65,0.37,-2.17,0.81,5.1342,42.28,-3.12,2,9,0,,0.0,11,18.2,5647.6,5.61,3.9,0.5,Percent,3.0,short only
sep 0.15% / Percent 3.0,1w,2012-01-02,2026-09-07,14.68,11,2,9,18.18,3.011,5647.6,5.65,0.37,-2.17,0.81,5.1342,42.28,-3.12,2,9,0,,0.0,11,18.2,5647.6,5.61,3.9,0.15,Percent,3.0,short only
sep 3.0% / Percent 3.0,1w,2012-01-02,2026-09-07,14.68,11,2,9,18.18,3.011,5647.6,5.65,0.37,-2.17,0.81,5.1342,42.28,-3.12,2,9,0,,0.0,11,18.2,5647.6,5.61,3.9,3.0,Percent,3.0,short only
sep 5.0% / Percent 3.0,1w,2012-01-02,2026-09-07,14.68,11,2,9,18.18,3.011,5647.6,5.65,0.37,-2.17,0.81,5.1342,42.28,-3.12,2,9,0,,0.0,11,18.2,5647.6,5.61,3.9,5.0,Percent,3.0,short only
sep 2.0% / Percent 3.0,1w,2012-01-02,2026-09-07,14.68,11,2,9,18.18,3.011,5647.6,5.65,0.37,-2.17,0.81,5.1342,42.28,-3.12,2,9,0,,0.0,11,18.2,5647.6,5.61,3.9,2.0,Percent,3.0,short only
sep 1.0% / Percent 3.0,1w,2012-01-02,2026-09-07,14.68,11,2,9,18.18,3.011,5647.6,5.65,0.37,-2.17,0.81,5.1342,42.28,-3.12,2,9,0,,0.0,11,18.2,5647.6,5.61,3.9,1.0,Percent,3.0,short only
sep 1.0% / Percent 3.0,1w,2012-01-02,2026-09-07,14.68,12,2,10,16.67,3.01,5646.5,5.65,0.37,-2.17,0.81,4.7054,42.28,-2.809,3,9,1,0.0,-1.09,11,18.2,5647.6,5.74,3.7,1.0,Percent,3.0,both
sep 2.0% / Percent 3.0,1w,2012-01-02,2026-09-07,14.68,12,2,10,16.67,3.01,5646.5,5.65,0.37,-2.17,0.81,4.7054,42.28,-2.809,3,9,1,0.0,-1.09,11,18.2,5647.6,5.74,3.7,2.0,Percent,3.0,both
sep 5.0% / Percent 3.0,1w,2012-01-02,2026-09-07,14.68,12,2,10,16.67,3.01,5646.5,5.65,0.37,-2.17,0.81,4.7054,42.28,-2.809,3,9,1,0.0,-1.09,11,18.2,5647.6,5.74,3.7,5.0,Percent,3.0,both
sep 3.0% / Percent 3.0,1w,2012-01-02,2026-09-07,14.68,12,2,10,16.67,3.01,5646.5,5.65,0.37,-2.17,0.81,4.7054,42.28,-2.809,3,9,1,0.0,-1.09,11,18.2,5647.6,5.74,3.7,3.0,Percent,3.0,both
sep 0.15% / Percent 3.0,1w,2012-01-02,2026-09-07,14.68,12,2,10,16.67,3.01,5646.5,5.65,0.37,-2.17,0.81,4.7054,42.28,-2.809,3,9,1,0.0,-1.09,11,18.2,5647.6,5.74,3.7,0.15,Percent,3.0,both
sep 0.5% / Percent 3.0,1w,2012-01-02,2026-09-07,14.68,12,2,10,16.67,3.01,5646.5,5.65,0.37,-2.17,0.81,4.7054,42.28,-2.809,3,9,1,0.0,-1.09,11,18.2,5647.6,5.74,3.7,0.5,Percent,3.0,both
sep 3.0% / ATR 1.0,1w,2012-01-02,2026-09-07,14.68,7,4,3,57.14,2.942,11569.12,11.57,0.75,-4.55,1.05,16.5273,43.813,-19.854,4,3,0,,0.0,7,57.1,11569.12,12.78,14.0,3.0,ATR,1.0,short only
sep 3.0% / ATR 1.0,1w,2012-01-02,2026-09-07,14.68,8,4,4,50.0,2.942,11568.02,11.57,0.75,-4.55,1.05,14.46,43.813,-14.893,5,3,1,0.0,-1.09,7,57.1,11569.12,12.91,12.4,3.0,ATR,1.0,both
sep 0.15% / ATR 1.0,1w,2012-01-02,2026-09-07,14.68,8,4,4,50.0,2.942,11568.02,11.57,0.75,-4.55,1.05,14.46,43.813,-14.893,5,3,1,0.0,-1.09,7,57.1,11569.12,12.91,12.4,0.15,ATR,1.0,both
sep 0.15% / ATR 1.0,1w,2012-01-02,2026-09-07,14.68,7,4,3,57.14,2.942,11569.12,11.57,0.75,-4.55,1.05,16.5273,43.813,-19.854,4,3,0,,0.0,7,57.1,11569.12,12.78,14.0,0.15,ATR,1.0,short only
sep 2.0% / ATR 1.0,1w,2012-01-02,2026-09-07,14.68,8,4,4,50.0,2.942,11568.02,11.57,0.75,-4.55,1.05,14.46,43.813,-14.893,5,3,1,0.0,-1.09,7,57.1,11569.12,12.91,12.4,2.0,ATR,1.0,both
sep 2.0% / ATR 1.0,1w,2012-01-02,2026-09-07,14.68,7,4,3,57.14,2.942,11569.12,11.57,0.75,-4.55,1.05,16.5273,43.813,-19.854,4,3,0,,0.0,7,57.1,11569.12,12.78,14.0,2.0,ATR,1.0,short only
sep 5.0% / ATR 1.0,1w,2012-01-02,2026-09-07,14.68,8,4,4,50.0,2.942,11568.02,11.57,0.75,-4.55,1.05,14.46,43.813,-14.893,5,3,1,0.0,-1.09,7,57.1,11569.12,12.91,12.4,5.0,ATR,1.0,both
sep 5.0% / ATR 1.0,1w,2012-01-02,2026-09-07,14.68,7,4,3,57.14,2.942,11569.12,11.57,0.75,-4.55,1.05,16.5273,43.813,-19.854,4,3,0,,0.0,7,57.1,11569.12,12.78,14.0,5.0,ATR,1.0,short only
sep 0.5% / ATR 1.0,1w,2012-01-02,2026-09-07,14.68,8,4,4,50.0,2.942,11568.02,11.57,0.75,-4.55,1.05,14.46,43.813,-14.893,5,3,1,0.0,-1.09,7,57.1,11569.12,12.91,12.4,0.5,ATR,1.0,both
sep 0.5% / ATR 1.0,1w,2012-01-02,2026-09-07,14.68,7,4,3,57.14,2.942,11569.12,11.57,0.75,-4.55,1.05,16.5273,43.813,-19.854,4,3,0,,0.0,7,57.1,11569.12,12.78,14.0,0.5,ATR,1.0,short only
sep 1.0% / ATR 1.0,1w,2012-01-02,2026-09-07,14.68,7,4,3,57.14,2.942,11569.12,11.57,0.75,-4.55,1.05,16.5273,43.813,-19.854,4,3,0,,0.0,7,57.1,11569.12,12.78,14.0,1.0,ATR,1.0,short only
sep 1.0% / ATR 1.0,1w,2012-01-02,2026-09-07,14.68,8,4,4,50.0,2.942,11568.02,11.57,0.75,-4.55,1.05,14.46,43.813,-14.893,5,3,1,0.0,-1.09,7,57.1,11569.12,12.91,12.4,1.0,ATR,1.0,both
sep 0.15% / Percent 5.0,1w,2012-01-02,2026-09-07,14.68,12,3,9,25.0,2.904,7804.66,7.8,0.51,-2.2,0.98,6.5039,39.682,-4.555,4,8,1,0.0,-1.09,11,27.3,7805.76,8.34,5.3,0.15,Percent,5.0,both
sep 0.15% / Percent 5.0,1w,2012-01-02,2026-09-07,14.68,11,3,8,27.27,2.904,7805.76,7.81,0.51,-2.2,0.98,7.0961,39.682,-5.123,3,8,0,,0.0,11,27.3,7805.76,8.21,5.7,0.15,Percent,5.0,short only
sep 0.5% / Percent 5.0,1w,2012-01-02,2026-09-07,14.68,12,3,9,25.0,2.904,7804.66,7.8,0.51,-2.2,0.98,6.5039,39.682,-4.555,4,8,1,0.0,-1.09,11,27.3,7805.76,8.34,5.3,0.5,Percent,5.0,both
sep 0.5% / Percent 5.0,1w,2012-01-02,2026-09-07,14.68,11,3,8,27.27,2.904,7805.76,7.81,0.51,-2.2,0.98,7.0961,39.682,-5.123,3,8,0,,0.0,11,27.3,7805.76,8.21,5.7,0.5,Percent,5.0,short only
sep 1.0% / Percent 5.0,1w,2012-01-02,2026-09-07,14.68,12,3,9,25.0,2.904,7804.66,7.8,0.51,-2.2,0.98,6.5039,39.682,-4.555,4,8,1,0.0,-1.09,11,27.3,7805.76,8.34,5.3,1.0,Percent,5.0,both
sep 1.0% / Percent 5.0,1w,2012-01-02,2026-09-07,14.68,11,3,8,27.27,2.904,7805.76,7.81,0.51,-2.2,0.98,7.0961,39.682,-5.123,3,8,0,,0.0,11,27.3,7805.76,8.21,5.7,1.0,Percent,5.0,short only
sep 3.0% / Percent 5.0,1w,2012-01-02,2026-09-07,14.68,12,3,9,25.0,2.904,7804.66,7.8,0.51,-2.2,0.98,6.5039,39.682,-4.555,4,8,1,0.0,-1.09,11,27.3,7805.76,8.34,5.3,3.0,Percent,5.0,both
sep 3.0% / Percent 5.0,1w,2012-01-02,2026-09-07,14.68,11,3,8,27.27,2.904,7805.76,7.81,0.51,-2.2,0.98,7.0961,39.682,-5.123,3,8,0,,0.0,11,27.3,7805.76,8.21,5.7,3.0,Percent,5.0,short only
sep 5.0% / Percent 5.0,1w,2012-01-02,2026-09-07,14.68,12,3,9,25.0,2.904,7804.66,7.8,0.51,-2.2,0.98,6.5039,39.682,-4.555,4,8,1,0.0,-1.09,11,27.3,7805.76,8.34,5.3,5.0,Percent,5.0,both
sep 5.0% / Percent 5.0,1w,2012-01-02,2026-09-07,14.68,11,3,8,27.27,2.904,7805.76,7.81,0.51,-2.2,0.98,7.0961,39.682,-5.123,3,8,0,,0.0,11,27.3,7805.76,8.21,5.7,5.0,Percent,5.0,short only
sep 2.0% / Percent 5.0,1w,2012-01-02,2026-09-07,14.68,11,3,8,27.27,2.904,7805.76,7.81,0.51,-2.2,0.98,7.0961,39.682,-5.123,3,8,0,,0.0,11,27.3,7805.76,8.21,5.7,2.0,Percent,5.0,short only
sep 2.0% / Percent 5.0,1w,2012-01-02,2026-09-07,14.68,12,3,9,25.0,2.904,7804.66,7.8,0.51,-2.2,0.98,6.5039,39.682,-4.555,4,8,1,0.0,-1.09,11,27.3,7805.76,8.34,5.3,2.0,Percent,5.0,both
sep 0.5% / Percent 8.0,1w,2012-01-02,2026-09-07,14.68,10,3,7,30.0,2.093,6217.67,6.22,0.41,-4.07,0.71,6.2177,39.682,-8.124,3,7,0,,0.0,10,30.0,6217.67,9.13,7.0,0.5,Percent,8.0,short only
sep 0.5% / Percent 8.0,1w,2012-01-02,2026-09-07,14.68,11,3,8,27.27,2.093,6216.57,6.22,0.41,-4.07,0.71,5.6514,39.682,-7.11,4,7,1,0.0,-1.09,10,30.0,6217.67,9.26,6.5,0.5,Percent,8.0,both
sep 1.0% / Percent 8.0,1w,2012-01-02,2026-09-07,14.68,11,3,8,27.27,2.093,6216.57,6.22,0.41,-4.07,0.71,5.6514,39.682,-7.11,4,7,1,0.0,-1.09,10,30.0,6217.67,9.26,6.5,1.0,Percent,8.0,both
sep 1.0% / Percent 8.0,1w,2012-01-02,2026-09-07,14.68,10,3,7,30.0,2.093,6217.67,6.22,0.41,-4.07,0.71,6.2177,39.682,-8.124,3,7,0,,0.0,10,30.0,6217.67,9.13,7.0,1.0,Percent,8.0,short only
sep 2.0% / Percent 8.0,1w,2012-01-02,2026-09-07,14.68,11,3,8,27.27,2.093,6216.57,6.22,0.41,-4.07,0.71,5.6514,39.682,-7.11,4,7,1,0.0,-1.09,10,30.0,6217.67,9.26,6.5,2.0,Percent,8.0,both
sep 2.0% / Percent 8.0,1w,2012-01-02,2026-09-07,14.68,10,3,7,30.0,2.093,6217.67,6.22,0.41,-4.07,0.71,6.2177,39.682,-8.124,3,7,0,,0.0,10,30.0,6217.67,9.13,7.0,2.0,Percent,8.0,short only
sep 5.0% / Percent 8.0,1w,2012-01-02,2026-09-07,14.68,11,3,8,27.27,2.093,6216.57,6.22,0.41,-4.07,0.71,5.6514,39.682,-7.11,4,7,1,0.0,-1.09,10,30.0,6217.67,9.26,6.5,5.0,Percent,8.0,both
sep 5.0% / Percent 8.0,1w,2012-01-02,2026-09-07,14.68,10,3,7,30.0,2.093,6217.67,6.22,0.41,-4.07,0.71,6.2177,39.682,-8.124,3,7,0,,0.0,10,30.0,6217.67,9.13,7.0,5.0,Percent,8.0,short only
sep 3.0% / Percent 8.0,1w,2012-01-02,2026-09-07,14.68,11,3,8,27.27,2.093,6216.57,6.22,0.41,-4.07,0.71,5.6514,39.682,-7.11,4,7,1,0.0,-1.09,10,30.0,6217.67,9.26,6.5,3.0,Percent,8.0,both
sep 3.0% / Percent 8.0,1w,2012-01-02,2026-09-07,14.68,10,3,7,30.0,2.093,6217.67,6.22,0.41,-4.07,0.71,6.2177,39.682,-8.124,3,7,0,,0.0,10,30.0,6217.67,9.13,7.0,3.0,Percent,8.0,short only
sep 0.15% / Percent 8.0,1w,2012-01-02,2026-09-07,14.68,11,3,8,27.27,2.093,6216.57,6.22,0.41,-4.07,0.71,5.6514,39.682,-7.11,4,7,1,0.0,-1.09,10,30.0,6217.67,9.26,6.5,0.15,Percent,8.0,both
sep 0.15% / Percent 8.0,1w,2012-01-02,2026-09-07,14.68,10,3,7,30.0,2.093,6217.67,6.22,0.41,-4.07,0.71,6.2177,39.682,-8.124,3,7,0,,0.0,10,30.0,6217.67,9.13,7.0,0.15,Percent,8.0,short only
sep 0.15% / ATR 1.5,1w,2012-01-02,2026-09-07,14.68,7,4,3,57.14,1.966,8608.93,8.61,0.56,-6.45,0.76,12.2985,43.813,-29.721,4,3,0,,0.0,7,57.1,8608.93,14.08,15.4,0.15,ATR,1.5,short only
sep 0.5% / ATR 1.5,1w,2012-01-02,2026-09-07,14.68,7,4,3,57.14,1.966,8608.93,8.61,0.56,-6.45,0.76,12.2985,43.813,-29.721,4,3,0,,0.0,7,57.1,8608.93,14.08,15.4,0.5,ATR,1.5,short only
sep 3.0% / ATR 1.5,1w,2012-01-02,2026-09-07,14.68,7,4,3,57.14,1.966,8608.93,8.61,0.56,-6.45,0.76,12.2985,43.813,-29.721,4,3,0,,0.0,7,57.1,8608.93,14.08,15.4,3.0,ATR,1.5,short only
sep 5.0% / ATR 1.5,1w,2012-01-02,2026-09-07,14.68,7,4,3,57.14,1.966,8608.93,8.61,0.56,-6.45,0.76,12.2985,43.813,-29.721,4,3,0,,0.0,7,57.1,8608.93,14.08,15.4,5.0,ATR,1.5,short only
sep 2.0% / ATR 1.5,1w,2012-01-02,2026-09-07,14.68,7,4,3,57.14,1.966,8608.93,8.61,0.56,-6.45,0.76,12.2985,43.813,-29.721,4,3,0,,0.0,7,57.1,8608.93,14.08,15.4,2.0,ATR,1.5,short only
sep 1.0% / ATR 1.5,1w,2012-01-02,2026-09-07,14.68,7,4,3,57.14,1.966,8608.93,8.61,0.56,-6.45,0.76,12.2985,43.813,-29.721,4,3,0,,0.0,7,57.1,8608.93,14.08,15.4,1.0,ATR,1.5,short only
sep 1.0% / ATR 1.5,1w,2012-01-02,2026-09-07,14.68,8,4,4,50.0,1.965,8607.84,8.61,0.56,-6.45,0.76,10.7598,43.813,-22.294,5,3,1,0.0,-1.09,7,57.1,8608.93,14.21,13.6,1.0,ATR,1.5,both
sep 2.0% / ATR 1.5,1w,2012-01-02,2026-09-07,14.68,8,4,4,50.0,1.965,8607.84,8.61,0.56,-6.45,0.76,10.7598,43.813,-22.294,5,3,1,0.0,-1.09,7,57.1,8608.93,14.21,13.6,2.0,ATR,1.5,both
sep 5.0% / ATR 1.5,1w,2012-01-02,2026-09-07,14.68,8,4,4,50.0,1.965,8607.84,8.61,0.56,-6.45,0.76,10.7598,43.813,-22.294,5,3,1,0.0,-1.09,7,57.1,8608.93,14.21,13.6,5.0,ATR,1.5,both
sep 3.0% / ATR 1.5,1w,2012-01-02,2026-09-07,14.68,8,4,4,50.0,1.965,8607.84,8.61,0.56,-6.45,0.76,10.7598,43.813,-22.294,5,3,1,0.0,-1.09,7,57.1,8608.93,14.21,13.6,3.0,ATR,1.5,both
sep 0.5% / ATR 1.5,1w,2012-01-02,2026-09-07,14.68,8,4,4,50.0,1.965,8607.84,8.61,0.56,-6.45,0.76,10.7598,43.813,-22.294,5,3,1,0.0,-1.09,7,57.1,8608.93,14.21,13.6,0.5,ATR,1.5,both
sep 0.15% / ATR 1.5,1w,2012-01-02,2026-09-07,14.68,8,4,4,50.0,1.965,8607.84,8.61,0.56,-6.45,0.76,10.7598,43.813,-22.294,5,3,1,0.0,-1.09,7,57.1,8608.93,14.21,13.6,0.15,ATR,1.5,both
sep 2.0% / ATR 2.0,1w,2012-01-02,2026-09-07,14.68,7,4,3,57.14,1.476,5648.75,5.65,0.38,-9.07,0.5,8.0696,43.813,-39.589,4,3,0,,0.0,7,57.1,5648.75,14.6,16.0,2.0,ATR,2.0,short only
sep 1.0% / ATR 2.0,1w,2012-01-02,2026-09-07,14.68,7,4,3,57.14,1.476,5648.75,5.65,0.38,-9.07,0.5,8.0696,43.813,-39.589,4,3,0,,0.0,7,57.1,5648.75,14.6,16.0,1.0,ATR,2.0,short only
sep 3.0% / ATR 2.0,1w,2012-01-02,2026-09-07,14.68,7,4,3,57.14,1.476,5648.75,5.65,0.38,-9.07,0.5,8.0696,43.813,-39.589,4,3,0,,0.0,7,57.1,5648.75,14.6,16.0,3.0,ATR,2.0,short only
sep 5.0% / ATR 2.0,1w,2012-01-02,2026-09-07,14.68,7,4,3,57.14,1.476,5648.75,5.65,0.38,-9.07,0.5,8.0696,43.813,-39.589,4,3,0,,0.0,7,57.1,5648.75,14.6,16.0,5.0,ATR,2.0,short only
sep 0.15% / ATR 2.0,1w,2012-01-02,2026-09-07,14.68,7,4,3,57.14,1.476,5648.75,5.65,0.38,-9.07,0.5,8.0696,43.813,-39.589,4,3,0,,0.0,7,57.1,5648.75,14.6,16.0,0.15,ATR,2.0,short only
sep 0.5% / ATR 2.0,1w,2012-01-02,2026-09-07,14.68,7,4,3,57.14,1.476,5648.75,5.65,0.38,-9.07,0.5,8.0696,43.813,-39.589,4,3,0,,0.0,7,57.1,5648.75,14.6,16.0,0.5,ATR,2.0,short only
sep 0.5% / ATR 2.0,1w,2012-01-02,2026-09-07,14.68,8,4,4,50.0,1.475,5647.65,5.65,0.37,-9.07,0.5,7.0596,43.813,-29.694,5,3,1,0.0,-1.09,7,57.1,5648.75,14.73,14.1,0.5,ATR,2.0,both
sep 0.15% / ATR 2.0,1w,2012-01-02,2026-09-07,14.68,8,4,4,50.0,1.475,5647.65,5.65,0.37,-9.07,0.5,7.0596,43.813,-29.694,5,3,1,0.0,-1.09,7,57.1,5648.75,14.73,14.1,0.15,ATR,2.0,both
sep 5.0% / ATR 2.0,1w,2012-01-02,2026-09-07,14.68,8,4,4,50.0,1.475,5647.65,5.65,0.37,-9.07,0.5,7.0596,43.813,-29.694,5,3,1,0.0,-1.09,7,57.1,5648.75,14.73,14.1,5.0,ATR,2.0,both
sep 3.0% / ATR 2.0,1w,2012-01-02,2026-09-07,14.68,8,4,4,50.0,1.475,5647.65,5.65,0.37,-9.07,0.5,7.0596,43.813,-29.694,5,3,1,0.0,-1.09,7,57.1,5648.75,14.73,14.1,3.0,ATR,2.0,both
sep 2.0% / ATR 2.0,1w,2012-01-02,2026-09-07,14.68,8,4,4,50.0,1.475,5647.65,5.65,0.37,-9.07,0.5,7.0596,43.813,-29.694,5,3,1,0.0,-1.09,7,57.1,5648.75,14.73,14.1,2.0,ATR,2.0,both
sep 1.0% / ATR 2.0,1w,2012-01-02,2026-09-07,14.68,8,4,4,50.0,1.475,5647.65,5.65,0.37,-9.07,0.5,7.0596,43.813,-29.694,5,3,1,0.0,-1.09,7,57.1,5648.75,14.73,14.1,1.0,ATR,2.0,both
sep 1.0% / 1R to TP,1w,2012-01-02,2026-09-07,14.68,7,4,3,57.14,1.459,5514.92,5.51,0.37,-9.4,0.48,7.8785,43.813,-40.035,4,3,0,,0.0,7,57.1,5514.92,14.34,15.7,1.0,1R to TP,,short only
sep 1.0% / 1R to TP,1w,2012-01-02,2026-09-07,14.68,8,4,4,50.0,1.459,5513.83,5.51,0.37,-9.4,0.48,6.8923,43.813,-30.029,5,3,1,0.0,-1.09,7,57.1,5514.92,14.47,13.9,1.0,1R to TP,,both
sep 5.0% / 1R to TP,1w,2012-01-02,2026-09-07,14.68,8,4,4,50.0,1.459,5513.83,5.51,0.37,-9.4,0.48,6.8923,43.813,-30.029,5,3,1,0.0,-1.09,7,57.1,5514.92,14.47,13.9,5.0,1R to TP,,both
sep 5.0% / 1R to TP,1w,2012-01-02,2026-09-07,14.68,7,4,3,57.14,1.459,5514.92,5.51,0.37,-9.4,0.48,7.8785,43.813,-40.035,4,3,0,,0.0,7,57.1,5514.92,14.34,15.7,5.0,1R to TP,,short only
sep 2.0% / 1R to TP,1w,2012-01-02,2026-09-07,14.68,7,4,3,57.14,1.459,5514.92,5.51,0.37,-9.4,0.48,7.8785,43.813,-40.035,4,3,0,,0.0,7,57.1,5514.92,14.34,15.7,2.0,1R to TP,,short only
sep 2.0% / 1R to TP,1w,2012-01-02,2026-09-07,14.68,8,4,4,50.0,1.459,5513.83,5.51,0.37,-9.4,0.48,6.8923,43.813,-30.029,5,3,1,0.0,-1.09,7,57.1,5514.92,14.47,13.9,2.0,1R to TP,,both
sep 0.15% / 1R to TP,1w,2012-01-02,2026-09-07,14.68,8,4,4,50.0,1.459,5513.83,5.51,0.37,-9.4,0.48,6.8923,43.813,-30.029,5,3,1,0.0,-1.09,7,57.1,5514.92,14.47,13.9,0.15,1R to TP,,both
sep 0.15% / 1R to TP,1w,2012-01-02,2026-09-07,14.68,7,4,3,57.14,1.459,5514.92,5.51,0.37,-9.4,0.48,7.8785,43.813,-40.035,4,3,0,,0.0,7,57.1,5514.92,14.34,15.7,0.15,1R to TP,,short only
sep 0.5% / 1R to TP,1w,2012-01-02,2026-09-07,14.68,7,4,3,57.14,1.459,5514.92,5.51,0.37,-9.4,0.48,7.8785,43.813,-40.035,4,3,0,,0.0,7,57.1,5514.92,14.34,15.7,0.5,1R to TP,,short only
sep 0.5% / 1R to TP,1w,2012-01-02,2026-09-07,14.68,8,4,4,50.0,1.459,5513.83,5.51,0.37,-9.4,0.48,6.8923,43.813,-30.029,5,3,1,0.0,-1.09,7,57.1,5514.92,14.47,13.9,0.5,1R to TP,,both
sep 3.0% / 1R to TP,1w,2012-01-02,2026-09-07,14.68,7,4,3,57.14,1.459,5514.92,5.51,0.37,-9.4,0.48,7.8785,43.813,-40.035,4,3,0,,0.0,7,57.1,5514.92,14.34,15.7,3.0,1R to TP,,short only
sep 3.0% / 1R to TP,1w,2012-01-02,2026-09-07,14.68,8,4,4,50.0,1.459,5513.83,5.51,0.37,-9.4,0.48,6.8923,43.813,-30.029,5,3,1,0.0,-1.09,7,57.1,5514.92,14.47,13.9,3.0,1R to TP,,both
sep 0.5% / ATR 3.0,1w,2012-01-02,2026-09-07,14.68,6,4,2,66.67,1.383,4541.83,4.54,0.3,-11.84,0.35,7.5697,41.033,-59.357,4,2,0,,0.0,6,66.7,4541.83,17.73,22.7,0.5,ATR,3.0,short only
sep 0.15% / ATR 3.0,1w,2012-01-02,2026-09-07,14.68,6,4,2,66.67,1.383,4541.83,4.54,0.3,-11.84,0.35,7.5697,41.033,-59.357,4,2,0,,0.0,6,66.7,4541.83,17.73,22.7,0.15,ATR,3.0,short only
sep 1.0% / ATR 3.0,1w,2012-01-02,2026-09-07,14.68,6,4,2,66.67,1.383,4541.83,4.54,0.3,-11.84,0.35,7.5697,41.033,-59.357,4,2,0,,0.0,6,66.7,4541.83,17.73,22.7,1.0,ATR,3.0,short only
sep 2.0% / ATR 3.0,1w,2012-01-02,2026-09-07,14.68,6,4,2,66.67,1.383,4541.83,4.54,0.3,-11.84,0.35,7.5697,41.033,-59.357,4,2,0,,0.0,6,66.7,4541.83,17.73,22.7,2.0,ATR,3.0,short only
sep 5.0% / ATR 3.0,1w,2012-01-02,2026-09-07,14.68,6,4,2,66.67,1.383,4541.83,4.54,0.3,-11.84,0.35,7.5697,41.033,-59.357,4,2,0,,0.0,6,66.7,4541.83,17.73,22.7,5.0,ATR,3.0,short only
sep 3.0% / ATR 3.0,1w,2012-01-02,2026-09-07,14.68,6,4,2,66.67,1.383,4541.83,4.54,0.3,-11.84,0.35,7.5697,41.033,-59.357,4,2,0,,0.0,6,66.7,4541.83,17.73,22.7,3.0,ATR,3.0,short only
sep 3.0% / ATR 3.0,1w,2012-01-02,2026-09-07,14.68,7,4,3,57.14,1.382,4540.73,4.54,0.3,-11.84,0.35,6.4868,41.033,-39.575,5,2,1,0.0,-1.09,6,66.7,4541.83,17.86,19.6,3.0,ATR,3.0,both
sep 5.0% / ATR 3.0,1w,2012-01-02,2026-09-07,14.68,7,4,3,57.14,1.382,4540.73,4.54,0.3,-11.84,0.35,6.4868,41.033,-39.575,5,2,1,0.0,-1.09,6,66.7,4541.83,17.86,19.6,5.0,ATR,3.0,both
sep 0.15% / ATR 3.0,1w,2012-01-02,2026-09-07,14.68,7,4,3,57.14,1.382,4540.73,4.54,0.3,-11.84,0.35,6.4868,41.033,-39.575,5,2,1,0.0,-1.09,6,66.7,4541.83,17.86,19.6,0.15,ATR,3.0,both
sep 0.5% / ATR 3.0,1w,2012-01-02,2026-09-07,14.68,7,4,3,57.14,1.382,4540.73,4.54,0.3,-11.84,0.35,6.4868,41.033,-39.575,5,2,1,0.0,-1.09,6,66.7,4541.83,17.86,19.6,0.5,ATR,3.0,both
sep 2.0% / ATR 3.0,1w,2012-01-02,2026-09-07,14.68,7,4,3,57.14,1.382,4540.73,4.54,0.3,-11.84,0.35,6.4868,41.033,-39.575,5,2,1,0.0,-1.09,6,66.7,4541.83,17.86,19.6,2.0,ATR,3.0,both
sep 1.0% / ATR 3.0,1w,2012-01-02,2026-09-07,14.68,7,4,3,57.14,1.382,4540.73,4.54,0.3,-11.84,0.35,6.4868,41.033,-39.575,5,2,1,0.0,-1.09,6,66.7,4541.83,17.86,19.6,1.0,ATR,3.0,both
sep 5.0% / ATR 4.0,1w,2012-01-02,2026-09-07,14.68,6,4,2,66.67,1.037,592.35,0.59,0.04,-15.51,0.08,0.9872,41.033,-79.104,4,2,0,,0.0,6,66.7,592.35,18.12,23.2,5.0,ATR,4.0,short only
sep 5.0% / ATR 4.0,1w,2012-01-02,2026-09-07,14.68,7,4,3,57.14,1.037,591.25,0.59,0.04,-15.51,0.07,0.8446,41.033,-52.74,5,2,1,0.0,-1.09,6,66.7,592.35,18.25,20.0,5.0,ATR,4.0,both
sep 1.0% / ATR 4.0,1w,2012-01-02,2026-09-07,14.68,6,4,2,66.67,1.037,592.35,0.59,0.04,-15.51,0.08,0.9872,41.033,-79.104,4,2,0,,0.0,6,66.7,592.35,18.12,23.2,1.0,ATR,4.0,short only
sep 1.0% / ATR 4.0,1w,2012-01-02,2026-09-07,14.68,7,4,3,57.14,1.037,591.25,0.59,0.04,-15.51,0.07,0.8446,41.033,-52.74,5,2,1,0.0,-1.09,6,66.7,592.35,18.25,20.0,1.0,ATR,4.0,both
sep 3.0% / ATR 4.0,1w,2012-01-02,2026-09-07,14.68,7,4,3,57.14,1.037,591.25,0.59,0.04,-15.51,0.07,0.8446,41.033,-52.74,5,2,1,0.0,-1.09,6,66.7,592.35,18.25,20.0,3.0,ATR,4.0,both
sep 3.0% / ATR 4.0,1w,2012-01-02,2026-09-07,14.68,6,4,2,66.67,1.037,592.35,0.59,0.04,-15.51,0.08,0.9872,41.033,-79.104,4,2,0,,0.0,6,66.7,592.35,18.12,23.2,3.0,ATR,4.0,short only
sep 0.5% / ATR 4.0,1w,2012-01-02,2026-09-07,14.68,6,4,2,66.67,1.037,592.35,0.59,0.04,-15.51,0.08,0.9872,41.033,-79.104,4,2,0,,0.0,6,66.7,592.35,18.12,23.2,0.5,ATR,4.0,short only
sep 0.5% / ATR 4.0,1w,2012-01-02,2026-09-07,14.68,7,4,3,57.14,1.037,591.25,0.59,0.04,-15.51,0.07,0.8446,41.033,-52.74,5,2,1,0.0,-1.09,6,66.7,592.35,18.25,20.0,0.5,ATR,4.0,both
sep 0.15% / ATR 4.0,1w,2012-01-02,2026-09-07,14.68,6,4,2,66.67,1.037,592.35,0.59,0.04,-15.51,0.08,0.9872,41.033,-79.104,4,2,0,,0.0,6,66.7,592.35,18.12,23.2,0.15,ATR,4.0,short only
sep 0.15% / ATR 4.0,1w,2012-01-02,2026-09-07,14.68,7,4,3,57.14,1.037,591.25,0.59,0.04,-15.51,0.07,0.8446,41.033,-52.74,5,2,1,0.0,-1.09,6,66.7,592.35,18.25,20.0,0.15,ATR,4.0,both
sep 2.0% / ATR 4.0,1w,2012-01-02,2026-09-07,14.68,7,4,3,57.14,1.037,591.25,0.59,0.04,-15.51,0.07,0.8446,41.033,-52.74,5,2,1,0.0,-1.09,6,66.7,592.35,18.25,20.0,2.0,ATR,4.0,both
sep 2.0% / ATR 4.0,1w,2012-01-02,2026-09-07,14.68,6,4,2,66.67,1.037,592.35,0.59,0.04,-15.51,0.08,0.9872,41.033,-79.104,4,2,0,,0.0,6,66.7,592.35,18.12,23.2,2.0,ATR,4.0,short only
sep 0.15% / Percent 0.625,1w,2012-01-02,2026-09-07,14.68,13,0,13,0.0,0.0,-891.86,-0.89,-0.06,-2.51,-0.22,-0.686,,-0.686,1,12,1,0.0,-1.09,12,0.0,-890.77,3.26,1.9,0.15,Percent,0.625,both
sep 0.15% / Percent 0.625,1w,2012-01-02,2026-09-07,14.68,1,0,1,0.0,0.0,-1.09,-0.0,-0.0,-0.0,-0.93,-0.0109,,-0.011,1,0,1,0.0,-1.09,0,,0.0,0.13,1.0,0.15,Percent,0.625,long only
sep 0.5% / Percent 5.0,1w,2012-01-02,2026-09-07,14.68,1,0,1,0.0,0.0,-1.09,-0.0,-0.0,-0.0,-0.93,-0.0109,,-0.011,1,0,1,0.0,-1.09,0,,0.0,0.13,1.0,0.5,Percent,5.0,long only
sep 0.5% / Percent 8.0,1w,2012-01-02,2026-09-07,14.68,1,0,1,0.0,0.0,-1.09,-0.0,-0.0,-0.0,-0.93,-0.0109,,-0.011,1,0,1,0.0,-1.09,0,,0.0,0.13,1.0,0.5,Percent,8.0,long only
sep 0.5% / Percent 1.5,1w,2012-01-02,2026-09-07,14.68,12,0,12,0.0,0.0,-1941.29,-1.94,-0.13,-2.79,-0.46,-1.6177,,-1.618,0,12,0,,0.0,12,0.0,-1941.29,3.26,2.1,0.5,Percent,1.5,short only
sep 0.5% / Percent 3.0,1w,2012-01-02,2026-09-07,14.68,1,0,1,0.0,0.0,-1.09,-0.0,-0.0,-0.0,-0.93,-0.0109,,-0.011,1,0,1,0.0,-1.09,0,,0.0,0.13,1.0,0.5,Percent,3.0,long only
sep 0.5% / 1R to TP,1w,2012-01-02,2026-09-07,14.68,1,0,1,0.0,0.0,-1.09,-0.0,-0.0,-0.0,-0.93,-0.0109,,-0.011,1,0,1,0.0,-1.09,0,,0.0,0.13,1.0,0.5,1R to TP,,long only
sep 0.5% / ATR 1.0,1w,2012-01-02,2026-09-07,14.68,1,0,1,0.0,0.0,-1.09,-0.0,-0.0,-0.0,-0.93,-0.0109,,-0.011,1,0,1,0.0,-1.09,0,,0.0,0.13,1.0,0.5,ATR,1.0,long only
sep 0.5% / Percent 1.5,1w,2012-01-02,2026-09-07,14.68,13,0,13,0.0,0.0,-1942.39,-1.94,-0.13,-2.79,-0.46,-1.4941,,-1.494,1,12,1,0.0,-1.09,12,0.0,-1941.29,3.39,2.0,0.5,Percent,1.5,both
sep 0.5% / Percent 1.5,1w,2012-01-02,2026-09-07,14.68,1,0,1,0.0,0.0,-1.09,-0.0,-0.0,-0.0,-0.93,-0.0109,,-0.011,1,0,1,0.0,-1.09,0,,0.0,0.13,1.0,0.5,Percent,1.5,long only
sep 0.15% / ATR 3.0,1w,2012-01-02,2026-09-07,14.68,1,0,1,0.0,0.0,-1.09,-0.0,-0.0,-0.0,-0.93,-0.0109,,-0.011,1,0,1,0.0,-1.09,0,,0.0,0.13,1.0,0.15,ATR,3.0,long only
sep 0.15% / ATR 2.0,1w,2012-01-02,2026-09-07,14.68,1,0,1,0.0,0.0,-1.09,-0.0,-0.0,-0.0,-0.93,-0.0109,,-0.011,1,0,1,0.0,-1.09,0,,0.0,0.13,1.0,0.15,ATR,2.0,long only
sep 0.15% / ATR 1.0,1w,2012-01-02,2026-09-07,14.68,1,0,1,0.0,0.0,-1.09,-0.0,-0.0,-0.0,-0.93,-0.0109,,-0.011,1,0,1,0.0,-1.09,0,,0.0,0.13,1.0,0.15,ATR,1.0,long only
sep 0.15% / Percent 8.0,1w,2012-01-02,2026-09-07,14.68,1,0,1,0.0,0.0,-1.09,-0.0,-0.0,-0.0,-0.93,-0.0109,,-0.011,1,0,1,0.0,-1.09,0,,0.0,0.13,1.0,0.15,Percent,8.0,long only
sep 0.15% / Percent 3.0,1w,2012-01-02,2026-09-07,14.68,1,0,1,0.0,0.0,-1.09,-0.0,-0.0,-0.0,-0.93,-0.0109,,-0.011,1,0,1,0.0,-1.09,0,,0.0,0.13,1.0,0.15,Percent,3.0,long only
sep 0.15% / 1R to TP,1w,2012-01-02,2026-09-07,14.68,1,0,1,0.0,0.0,-1.09,-0.0,-0.0,-0.0,-0.93,-0.0109,,-0.011,1,0,1,0.0,-1.09,0,,0.0,0.13,1.0,0.15,1R to TP,,long only
sep 0.15% / Percent 5.0,1w,2012-01-02,2026-09-07,14.68,1,0,1,0.0,0.0,-1.09,-0.0,-0.0,-0.0,-0.93,-0.0109,,-0.011,1,0,1,0.0,-1.09,0,,0.0,0.13,1.0,0.15,Percent,5.0,long only
sep 0.15% / ATR 1.5,1w,2012-01-02,2026-09-07,14.68,1,0,1,0.0,0.0,-1.09,-0.0,-0.0,-0.0,-0.93,-0.0109,,-0.011,1,0,1,0.0,-1.09,0,,0.0,0.13,1.0,0.15,ATR,1.5,long only
sep 0.5% / Percent 0.625,1w,2012-01-02,2026-09-07,14.68,1,0,1,0.0,0.0,-1.09,-0.0,-0.0,-0.0,-0.93,-0.0109,,-0.011,1,0,1,0.0,-1.09,0,,0.0,0.13,1.0,0.5,Percent,0.625,long only
sep 0.5% / Percent 0.625,1w,2012-01-02,2026-09-07,14.68,12,0,12,0.0,0.0,-890.77,-0.89,-0.06,-2.51,-0.22,-0.7423,,-0.742,0,12,0,,0.0,12,0.0,-890.77,3.13,2.0,0.5,Percent,0.625,short only
sep 0.15% / ATR 4.0,1w,2012-01-02,2026-09-07,14.68,1,0,1,0.0,0.0,-1.09,-0.0,-0.0,-0.0,-0.93,-0.0109,,-0.011,1,0,1,0.0,-1.09,0,,0.0,0.13,1.0,0.15,ATR,4.0,long only
sep 0.5% / Percent 0.625,1w,2012-01-02,2026-09-07,14.68,13,0,13,0.0,0.0,-891.86,-0.89,-0.06,-2.51,-0.22,-0.686,,-0.686,1,12,1,0.0,-1.09,12,0.0,-890.77,3.26,1.9,0.5,Percent,0.625,both
sep 0.15% / Percent 0.625,1w,2012-01-02,2026-09-07,14.68,12,0,12,0.0,0.0,-890.77,-0.89,-0.06,-2.51,-0.22,-0.7423,,-0.742,0,12,0,,0.0,12,0.0,-890.77,3.13,2.0,0.15,Percent,0.625,short only
sep 0.15% / Percent 1.5,1w,2012-01-02,2026-09-07,14.68,13,0,13,0.0,0.0,-1942.39,-1.94,-0.13,-2.79,-0.46,-1.4941,,-1.494,1,12,1,0.0,-1.09,12,0.0,-1941.29,3.39,2.0,0.15,Percent,1.5,both
sep 0.15% / Percent 1.5,1w,2012-01-02,2026-09-07,14.68,1,0,1,0.0,0.0,-1.09,-0.0,-0.0,-0.0,-0.93,-0.0109,,-0.011,1,0,1,0.0,-1.09,0,,0.0,0.13,1.0,0.15,Percent,1.5,long only
sep 0.15% / Percent 1.5,1w,2012-01-02,2026-09-07,14.68,12,0,12,0.0,0.0,-1941.29,-1.94,-0.13,-2.79,-0.46,-1.6177,,-1.618,0,12,0,,0.0,12,0.0,-1941.29,3.26,2.1,0.15,Percent,1.5,short only
sep 1.0% / Percent 1.5,1w,2012-01-02,2026-09-07,14.68,13,0,13,0.0,0.0,-1942.39,-1.94,-0.13,-2.79,-0.46,-1.4941,,-1.494,1,12,1,0.0,-1.09,12,0.0,-1941.29,3.39,2.0,1.0,Percent,1.5,both
sep 1.0% / Percent 0.625,1w,2012-01-02,2026-09-07,14.68,12,0,12,0.0,0.0,-890.77,-0.89,-0.06,-2.51,-0.22,-0.7423,,-0.742,0,12,0,,0.0,12,0.0,-890.77,3.13,2.0,1.0,Percent,0.625,short only
sep 1.0% / Percent 0.625,1w,2012-01-02,2026-09-07,14.68,1,0,1,0.0,0.0,-1.09,-0.0,-0.0,-0.0,-0.93,-0.0109,,-0.011,1,0,1,0.0,-1.09,0,,0.0,0.13,1.0,1.0,Percent,0.625,long only
sep 1.0% / Percent 0.625,1w,2012-01-02,2026-09-07,14.68,13,0,13,0.0,0.0,-891.86,-0.89,-0.06,-2.51,-0.22,-0.686,,-0.686,1,12,1,0.0,-1.09,12,0.0,-890.77,3.26,1.9,1.0,Percent,0.625,both
sep 0.5% / ATR 4.0,1w,2012-01-02,2026-09-07,14.68,1,0,1,0.0,0.0,-1.09,-0.0,-0.0,-0.0,-0.93,-0.0109,,-0.011,1,0,1,0.0,-1.09,0,,0.0,0.13,1.0,0.5,ATR,4.0,long only
sep 0.5% / ATR 1.5,1w,2012-01-02,2026-09-07,14.68,1,0,1,0.0,0.0,-1.09,-0.0,-0.0,-0.0,-0.93,-0.0109,,-0.011,1,0,1,0.0,-1.09,0,,0.0,0.13,1.0,0.5,ATR,1.5,long only
sep 0.5% / ATR 2.0,1w,2012-01-02,2026-09-07,14.68,1,0,1,0.0,0.0,-1.09,-0.0,-0.0,-0.0,-0.93,-0.0109,,-0.011,1,0,1,0.0,-1.09,0,,0.0,0.13,1.0,0.5,ATR,2.0,long only
sep 0.5% / ATR 3.0,1w,2012-01-02,2026-09-07,14.68,1,0,1,0.0,0.0,-1.09,-0.0,-0.0,-0.0,-0.93,-0.0109,,-0.011,1,0,1,0.0,-1.09,0,,0.0,0.13,1.0,0.5,ATR,3.0,long only
sep 2.0% / Percent 1.5,1w,2012-01-02,2026-09-07,14.68,13,0,13,0.0,0.0,-1942.39,-1.94,-0.13,-2.79,-0.46,-1.4941,,-1.494,1,12,1,0.0,-1.09,12,0.0,-1941.29,3.39,2.0,2.0,Percent,1.5,both
sep 2.0% / Percent 5.0,1w,2012-01-02,2026-09-07,14.68,1,0,1,0.0,0.0,-1.09,-0.0,-0.0,-0.0,-0.93,-0.0109,,-0.011,1,0,1,0.0,-1.09,0,,0.0,0.13,1.0,2.0,Percent,5.0,long only
sep 2.0% / Percent 1.5,1w,2012-01-02,2026-09-07,14.68,1,0,1,0.0,0.0,-1.09,-0.0,-0.0,-0.0,-0.93,-0.0109,,-0.011,1,0,1,0.0,-1.09,0,,0.0,0.13,1.0,2.0,Percent,1.5,long only
sep 2.0% / Percent 1.5,1w,2012-01-02,2026-09-07,14.68,12,0,12,0.0,0.0,-1941.29,-1.94,-0.13,-2.79,-0.46,-1.6177,,-1.618,0,12,0,,0.0,12,0.0,-1941.29,3.26,2.1,2.0,Percent,1.5,short only
sep 2.0% / ATR 1.5,1w,2012-01-02,2026-09-07,14.68,1,0,1,0.0,0.0,-1.09,-0.0,-0.0,-0.0,-0.93,-0.0109,,-0.011,1,0,1,0.0,-1.09,0,,0.0,0.13,1.0,2.0,ATR,1.5,long only
sep 2.0% / ATR 1.0,1w,2012-01-02,2026-09-07,14.68,1,0,1,0.0,0.0,-1.09,-0.0,-0.0,-0.0,-0.93,-0.0109,,-0.011,1,0,1,0.0,-1.09,0,,0.0,0.13,1.0,2.0,ATR,1.0,long only
sep 2.0% / ATR 2.0,1w,2012-01-02,2026-09-07,14.68,1,0,1,0.0,0.0,-1.09,-0.0,-0.0,-0.0,-0.93,-0.0109,,-0.011,1,0,1,0.0,-1.09,0,,0.0,0.13,1.0,2.0,ATR,2.0,long only
sep 2.0% / 1R to TP,1w,2012-01-02,2026-09-07,14.68,1,0,1,0.0,0.0,-1.09,-0.0,-0.0,-0.0,-0.93,-0.0109,,-0.011,1,0,1,0.0,-1.09,0,,0.0,0.13,1.0,2.0,1R to TP,,long only
sep 1.0% / ATR 1.0,1w,2012-01-02,2026-09-07,14.68,1,0,1,0.0,0.0,-1.09,-0.0,-0.0,-0.0,-0.93,-0.0109,,-0.011,1,0,1,0.0,-1.09,0,,0.0,0.13,1.0,1.0,ATR,1.0,long only
sep 1.0% / ATR 1.5,1w,2012-01-02,2026-09-07,14.68,1,0,1,0.0,0.0,-1.09,-0.0,-0.0,-0.0,-0.93,-0.0109,,-0.011,1,0,1,0.0,-1.09,0,,0.0,0.13,1.0,1.0,ATR,1.5,long only
sep 1.0% / Percent 8.0,1w,2012-01-02,2026-09-07,14.68,1,0,1,0.0,0.0,-1.09,-0.0,-0.0,-0.0,-0.93,-0.0109,,-0.011,1,0,1,0.0,-1.09,0,,0.0,0.13,1.0,1.0,Percent,8.0,long only
sep 1.0% / 1R to TP,1w,2012-01-02,2026-09-07,14.68,1,0,1,0.0,0.0,-1.09,-0.0,-0.0,-0.0,-0.93,-0.0109,,-0.011,1,0,1,0.0,-1.09,0,,0.0,0.13,1.0,1.0,1R to TP,,long only
sep 1.0% / Percent 3.0,1w,2012-01-02,2026-09-07,14.68,1,0,1,0.0,0.0,-1.09,-0.0,-0.0,-0.0,-0.93,-0.0109,,-0.011,1,0,1,0.0,-1.09,0,,0.0,0.13,1.0,1.0,Percent,3.0,long only
sep 1.0% / Percent 1.5,1w,2012-01-02,2026-09-07,14.68,12,0,12,0.0,0.0,-1941.29,-1.94,-0.13,-2.79,-0.46,-1.6177,,-1.618,0,12,0,,0.0,12,0.0,-1941.29,3.26,2.1,1.0,Percent,1.5,short only
sep 1.0% / Percent 1.5,1w,2012-01-02,2026-09-07,14.68,1,0,1,0.0,0.0,-1.09,-0.0,-0.0,-0.0,-0.93,-0.0109,,-0.011,1,0,1,0.0,-1.09,0,,0.0,0.13,1.0,1.0,Percent,1.5,long only
sep 1.0% / Percent 5.0,1w,2012-01-02,2026-09-07,14.68,1,0,1,0.0,0.0,-1.09,-0.0,-0.0,-0.0,-0.93,-0.0109,,-0.011,1,0,1,0.0,-1.09,0,,0.0,0.13,1.0,1.0,Percent,5.0,long only
sep 1.0% / ATR 4.0,1w,2012-01-02,2026-09-07,14.68,1,0,1,0.0,0.0,-1.09,-0.0,-0.0,-0.0,-0.93,-0.0109,,-0.011,1,0,1,0.0,-1.09,0,,0.0,0.13,1.0,1.0,ATR,4.0,long only
sep 2.0% / Percent 0.625,1w,2012-01-02,2026-09-07,14.68,13,0,13,0.0,0.0,-891.86,-0.89,-0.06,-2.51,-0.22,-0.686,,-0.686,1,12,1,0.0,-1.09,12,0.0,-890.77,3.26,1.9,2.0,Percent,0.625,both
sep 1.0% / ATR 2.0,1w,2012-01-02,2026-09-07,14.68,1,0,1,0.0,0.0,-1.09,-0.0,-0.0,-0.0,-0.93,-0.0109,,-0.011,1,0,1,0.0,-1.09,0,,0.0,0.13,1.0,1.0,ATR,2.0,long only
sep 1.0% / ATR 3.0,1w,2012-01-02,2026-09-07,14.68,1,0,1,0.0,0.0,-1.09,-0.0,-0.0,-0.0,-0.93,-0.0109,,-0.011,1,0,1,0.0,-1.09,0,,0.0,0.13,1.0,1.0,ATR,3.0,long only
sep 2.0% / Percent 8.0,1w,2012-01-02,2026-09-07,14.68,1,0,1,0.0,0.0,-1.09,-0.0,-0.0,-0.0,-0.93,-0.0109,,-0.011,1,0,1,0.0,-1.09,0,,0.0,0.13,1.0,2.0,Percent,8.0,long only
sep 2.0% / Percent 3.0,1w,2012-01-02,2026-09-07,14.68,1,0,1,0.0,0.0,-1.09,-0.0,-0.0,-0.0,-0.93,-0.0109,,-0.011,1,0,1,0.0,-1.09,0,,0.0,0.13,1.0,2.0,Percent,3.0,long only
sep 2.0% / Percent 0.625,1w,2012-01-02,2026-09-07,14.68,1,0,1,0.0,0.0,-1.09,-0.0,-0.0,-0.0,-0.93,-0.0109,,-0.011,1,0,1,0.0,-1.09,0,,0.0,0.13,1.0,2.0,Percent,0.625,long only
sep 2.0% / Percent 0.625,1w,2012-01-02,2026-09-07,14.68,12,0,12,0.0,0.0,-890.77,-0.89,-0.06,-2.51,-0.22,-0.7423,,-0.742,0,12,0,,0.0,12,0.0,-890.77,3.13,2.0,2.0,Percent,0.625,short only
sep 3.0% / Percent 0.625,1w,2012-01-02,2026-09-07,14.68,1,0,1,0.0,0.0,-1.09,-0.0,-0.0,-0.0,-0.93,-0.0109,,-0.011,1,0,1,0.0,-1.09,0,,0.0,0.13,1.0,3.0,Percent,0.625,long only
sep 3.0% / Percent 0.625,1w,2012-01-02,2026-09-07,14.68,13,0,13,0.0,0.0,-891.86,-0.89,-0.06,-2.51,-0.22,-0.686,,-0.686,1,12,1,0.0,-1.09,12,0.0,-890.77,3.26,1.9,3.0,Percent,0.625,both
sep 2.0% / ATR 4.0,1w,2012-01-02,2026-09-07,14.68,1,0,1,0.0,0.0,-1.09,-0.0,-0.0,-0.0,-0.93,-0.0109,,-0.011,1,0,1,0.0,-1.09,0,,0.0,0.13,1.0,2.0,ATR,4.0,long only
sep 2.0% / ATR 3.0,1w,2012-01-02,2026-09-07,14.68,1,0,1,0.0,0.0,-1.09,-0.0,-0.0,-0.0,-0.93,-0.0109,,-0.011,1,0,1,0.0,-1.09,0,,0.0,0.13,1.0,2.0,ATR,3.0,long only
sep 3.0% / ATR 1.5,1w,2012-01-02,2026-09-07,14.68,1,0,1,0.0,0.0,-1.09,-0.0,-0.0,-0.0,-0.93,-0.0109,,-0.011,1,0,1,0.0,-1.09,0,,0.0,0.13,1.0,3.0,ATR,1.5,long only
sep 3.0% / ATR 1.0,1w,2012-01-02,2026-09-07,14.68,1,0,1,0.0,0.0,-1.09,-0.0,-0.0,-0.0,-0.93,-0.0109,,-0.011,1,0,1,0.0,-1.09,0,,0.0,0.13,1.0,3.0,ATR,1.0,long only
sep 3.0% / ATR 3.0,1w,2012-01-02,2026-09-07,14.68,1,0,1,0.0,0.0,-1.09,-0.0,-0.0,-0.0,-0.93,-0.0109,,-0.011,1,0,1,0.0,-1.09,0,,0.0,0.13,1.0,3.0,ATR,3.0,long only
sep 3.0% / ATR 2.0,1w,2012-01-02,2026-09-07,14.68,1,0,1,0.0,0.0,-1.09,-0.0,-0.0,-0.0,-0.93,-0.0109,,-0.011,1,0,1,0.0,-1.09,0,,0.0,0.13,1.0,3.0,ATR,2.0,long only
sep 3.0% / Percent 3.0,1w,2012-01-02,2026-09-07,14.68,1,0,1,0.0,0.0,-1.09,-0.0,-0.0,-0.0,-0.93,-0.0109,,-0.011,1,0,1,0.0,-1.09,0,,0.0,0.13,1.0,3.0,Percent,3.0,long only
sep 3.0% / Percent 1.5,1w,2012-01-02,2026-09-07,14.68,13,0,13,0.0,0.0,-1942.39,-1.94,-0.13,-2.79,-0.46,-1.4941,,-1.494,1,12,1,0.0,-1.09,12,0.0,-1941.29,3.39,2.0,3.0,Percent,1.5,both
sep 3.0% / Percent 1.5,1w,2012-01-02,2026-09-07,14.68,1,0,1,0.0,0.0,-1.09,-0.0,-0.0,-0.0,-0.93,-0.0109,,-0.011,1,0,1,0.0,-1.09,0,,0.0,0.13,1.0,3.0,Percent,1.5,long only
sep 3.0% / Percent 1.5,1w,2012-01-02,2026-09-07,14.68,12,0,12,0.0,0.0,-1941.29,-1.94,-0.13,-2.79,-0.46,-1.6177,,-1.618,0,12,0,,0.0,12,0.0,-1941.29,3.26,2.1,3.0,Percent,1.5,short only
sep 3.0% / Percent 0.625,1w,2012-01-02,2026-09-07,14.68,12,0,12,0.0,0.0,-890.77,-0.89,-0.06,-2.51,-0.22,-0.7423,,-0.742,0,12,0,,0.0,12,0.0,-890.77,3.13,2.0,3.0,Percent,0.625,short only
sep 3.0% / Percent 5.0,1w,2012-01-02,2026-09-07,14.68,1,0,1,0.0,0.0,-1.09,-0.0,-0.0,-0.0,-0.93,-0.0109,,-0.011,1,0,1,0.0,-1.09,0,,0.0,0.13,1.0,3.0,Percent,5.0,long only
sep 3.0% / Percent 8.0,1w,2012-01-02,2026-09-07,14.68,1,0,1,0.0,0.0,-1.09,-0.0,-0.0,-0.0,-0.93,-0.0109,,-0.011,1,0,1,0.0,-1.09,0,,0.0,0.13,1.0,3.0,Percent,8.0,long only
sep 3.0% / 1R to TP,1w,2012-01-02,2026-09-07,14.68,1,0,1,0.0,0.0,-1.09,-0.0,-0.0,-0.0,-0.93,-0.0109,,-0.011,1,0,1,0.0,-1.09,0,,0.0,0.13,1.0,3.0,1R to TP,,long only
sep 5.0% / Percent 0.625,1w,2012-01-02,2026-09-07,14.68,13,0,13,0.0,0.0,-891.86,-0.89,-0.06,-2.51,-0.22,-0.686,,-0.686,1,12,1,0.0,-1.09,12,0.0,-890.77,3.26,1.9,5.0,Percent,0.625,both
sep 3.0% / ATR 4.0,1w,2012-01-02,2026-09-07,14.68,1,0,1,0.0,0.0,-1.09,-0.0,-0.0,-0.0,-0.93,-0.0109,,-0.011,1,0,1,0.0,-1.09,0,,0.0,0.13,1.0,3.0,ATR,4.0,long only
sep 5.0% / 1R to TP,1w,2012-01-02,2026-09-07,14.68,1,0,1,0.0,0.0,-1.09,-0.0,-0.0,-0.0,-0.93,-0.0109,,-0.011,1,0,1,0.0,-1.09,0,,0.0,0.13,1.0,5.0,1R to TP,,long only
sep 5.0% / Percent 0.625,1w,2012-01-02,2026-09-07,14.68,12,0,12,0.0,0.0,-890.77,-0.89,-0.06,-2.51,-0.22,-0.7423,,-0.742,0,12,0,,0.0,12,0.0,-890.77,3.13,2.0,5.0,Percent,0.625,short only
sep 5.0% / Percent 1.5,1w,2012-01-02,2026-09-07,14.68,1,0,1,0.0,0.0,-1.09,-0.0,-0.0,-0.0,-0.93,-0.0109,,-0.011,1,0,1,0.0,-1.09,0,,0.0,0.13,1.0,5.0,Percent,1.5,long only
sep 5.0% / Percent 1.5,1w,2012-01-02,2026-09-07,14.68,13,0,13,0.0,0.0,-1942.39,-1.94,-0.13,-2.79,-0.46,-1.4941,,-1.494,1,12,1,0.0,-1.09,12,0.0,-1941.29,3.39,2.0,5.0,Percent,1.5,both
sep 5.0% / Percent 1.5,1w,2012-01-02,2026-09-07,14.68,12,0,12,0.0,0.0,-1941.29,-1.94,-0.13,-2.79,-0.46,-1.6177,,-1.618,0,12,0,,0.0,12,0.0,-1941.29,3.26,2.1,5.0,Percent,1.5,short only
sep 5.0% / Percent 3.0,1w,2012-01-02,2026-09-07,14.68,1,0,1,0.0,0.0,-1.09,-0.0,-0.0,-0.0,-0.93,-0.0109,,-0.011,1,0,1,0.0,-1.09,0,,0.0,0.13,1.0,5.0,Percent,3.0,long only
sep 5.0% / Percent 0.625,1w,2012-01-02,2026-09-07,14.68,1,0,1,0.0,0.0,-1.09,-0.0,-0.0,-0.0,-0.93,-0.0109,,-0.011,1,0,1,0.0,-1.09,0,,0.0,0.13,1.0,5.0,Percent,0.625,long only
sep 5.0% / Percent 8.0,1w,2012-01-02,2026-09-07,14.68,1,0,1,0.0,0.0,-1.09,-0.0,-0.0,-0.0,-0.93,-0.0109,,-0.011,1,0,1,0.0,-1.09,0,,0.0,0.13,1.0,5.0,Percent,8.0,long only
sep 5.0% / Percent 5.0,1w,2012-01-02,2026-09-07,14.68,1,0,1,0.0,0.0,-1.09,-0.0,-0.0,-0.0,-0.93,-0.0109,,-0.011,1,0,1,0.0,-1.09,0,,0.0,0.13,1.0,5.0,Percent,5.0,long only
sep 5.0% / ATR 1.0,1w,2012-01-02,2026-09-07,14.68,1,0,1,0.0,0.0,-1.09,-0.0,-0.0,-0.0,-0.93,-0.0109,,-0.011,1,0,1,0.0,-1.09,0,,0.0,0.13,1.0,5.0,ATR,1.0,long only
sep 5.0% / ATR 1.5,1w,2012-01-02,2026-09-07,14.68,1,0,1,0.0,0.0,-1.09,-0.0,-0.0,-0.0,-0.93,-0.0109,,-0.011,1,0,1,0.0,-1.09,0,,0.0,0.13,1.0,5.0,ATR,1.5,long only
sep 5.0% / ATR 2.0,1w,2012-01-02,2026-09-07,14.68,1,0,1,0.0,0.0,-1.09,-0.0,-0.0,-0.0,-0.93,-0.0109,,-0.011,1,0,1,0.0,-1.09,0,,0.0,0.13,1.0,5.0,ATR,2.0,long only
sep 5.0% / ATR 3.0,1w,2012-01-02,2026-09-07,14.68,1,0,1,0.0,0.0,-1.09,-0.0,-0.0,-0.0,-0.93,-0.0109,,-0.011,1,0,1,0.0,-1.09,0,,0.0,0.13,1.0,5.0,ATR,3.0,long only
sep 5.0% / ATR 4.0,1w,2012-01-02,2026-09-07,14.68,1,0,1,0.0,0.0,-1.09,-0.0,-0.0,-0.0,-0.93,-0.0109,,-0.011,1,0,1,0.0,-1.09,0,,0.0,0.13,1.0,5.0,ATR,4.0,long only
