side,entry_time,exit_time,entry_px,exit_px,stop_px,tp_at_entry,qty,reason,pnl,pnl_pct,bars_held,y
short,2017-01-11 00:00:00+00:00,2017-01-12 00:00:00+00:00,776.62,754.08,799.92,754.08,12.87631,TP,280.43,2.804,1,2017
short,2017-03-17 00:00:00+00:00,2017-03-18 00:00:00+00:00,1069.02,1008.12,1101.09,1008.12,9.354362,TP,559.92,5.599,1,2017
short,2017-03-22 00:00:00+00:00,2017-03-24 00:00:00+00:00,1035.56,986.43,1066.63,985.89,9.656611,TP,464.71,4.647,2,2017
short,2017-07-09 00:00:00+00:00,2017-07-11 00:00:00+00:00,2500.28,2249.78,2575.29,2247.95,3.999552,TP,992.37,9.924,2,2017
short,2017-07-26 00:00:00+00:00,2017-07-27 00:00:00+00:00,2522.99,2600.68,2598.68,2296.25,3.963551,SL,-318.08,-3.181,1,2017
short,2017-09-14 00:00:00+00:00,2017-09-15 00:00:00+00:00,3225.79,3004.84,3322.56,3004.84,3.100016,TP,675.31,6.753,1,2017
short,2017-09-19 00:00:00+00:00,2017-09-20 00:00:00+00:00,3886.8,4005.4,4003.4,3516.69,2.572811,SL,-315.3,-3.153,1,2017
short,2018-01-11 00:00:00+00:00,2018-01-12 00:00:00+00:00,13241.83,13641.08,13639.08,11634.42,0.755183,SL,-311.66,-3.117,1,2018
short,2018-03-07 00:00:00+00:00,2018-03-08 00:00:00+00:00,9911.03,9656.67,10208.36,9656.67,1.008977,TP,246.77,2.468,1,2018
long,2018-04-20 00:00:00+00:00,2018-04-24 00:00:00+00:00,8863.0,9097.69,8597.11,9080.42,1.128286,TP,254.67,2.547,4,2018
long,2018-05-20 00:00:00+00:00,2018-05-22 00:00:00+00:00,8520.48,8262.87,8264.87,8955.83,1.173643,SL,-312.2,-3.122,2,2018
long,2018-07-17 00:00:00+00:00,2018-07-23 00:00:00+00:00,7312.71,7674.89,7093.33,7715.9,1.367482,TP,485.02,4.85,6,2018
long,2018-08-28 00:00:00+00:00,2018-08-30 00:00:00+00:00,7082.94,6868.45,6870.45,7286.03,1.411843,SL,-312.67,-3.127,2,2018
long,2018-09-21 00:00:00+00:00,2018-09-25 00:00:00+00:00,6751.45,6546.91,6548.91,6930.33,1.481163,SL,-312.81,-3.128,4,2018
long,2018-09-27 00:00:00+00:00,2018-09-29 00:00:00+00:00,6683.62,6481.11,6483.11,6857.07,1.496195,SL,-312.84,-3.128,2,2018
long,2018-11-07 00:00:00+00:00,2018-11-09 00:00:00+00:00,6503.0,6305.91,6307.91,6647.0,1.537752,SL,-312.92,-3.129,2,2018
long,2019-01-06 00:00:00+00:00,2019-01-10 00:00:00+00:00,4042.71,3919.43,3921.43,4511.11,2.473588,SL,-314.79,-3.148,4,2019
long,2019-02-10 00:00:00+00:00,2019-02-13 00:00:00+00:00,3652.37,3540.8,3542.8,4081.69,2.737948,SL,-315.32,-3.153,3,2019
long,2019-02-17 00:00:00+00:00,2019-02-23 00:00:00+00:00,3627.6,4003.91,3518.77,4024.4,2.756644,TP,1026.83,10.268,6,2019
short,2019-07-16 00:00:00+00:00,2019-07-17 00:00:00+00:00,9410.81,9695.13,9693.13,8546.88,1.062608,SL,-312.28,-3.123,1,2019
short,2019-07-23 00:00:00+00:00,2019-07-25 00:00:00+00:00,9845.02,10142.37,10140.37,8929.84,1.015742,SL,-312.18,-3.122,2,2019
short,2019-08-13 00:00:00+00:00,2019-08-15 00:00:00+00:00,10860.28,9883.4,11186.09,9875.32,0.920787,TP,889.94,8.899,2,2019
short,2019-08-20 00:00:00+00:00,2019-08-21 00:00:00+00:00,10770.22,9868.67,11093.33,9868.67,0.928486,TP,827.5,8.275,1,2019
short,2019-09-06 00:00:00+00:00,2019-09-19 00:00:00+00:00,10309.09,9759.03,10618.36,9662.56,0.970018,TP,523.84,5.238,13,2019
long,2020-01-05 00:00:00+00:00,2020-01-07 00:00:00+00:00,7358.7,7825.91,7137.94,7828.12,1.358936,TP,624.59,6.246,2,2020
short,2020-02-26 00:00:00+00:00,2020-02-27 00:00:00+00:00,8777.36,8778.37,9040.68,8779.9,1.139295,TP,-11.15,-0.112,1,2020
long,2020-04-16 00:00:00+00:00,2020-04-20 00:00:00+00:00,7113.67,6898.26,6900.26,7342.66,1.405744,SL,-312.66,-3.127,4,2020
long,2020-04-21 00:00:00+00:00,2020-04-22 00:00:00+00:00,6856.98,7142.3,6651.27,7142.3,1.458368,TP,405.89,4.059,1,2020
short,2020-06-19 00:00:00+00:00,2020-06-22 00:00:00+00:00,9302.32,9583.39,9581.39,9036.53,1.075001,SL,-312.3,-3.123,3,2020
short,2020-06-24 00:00:00+00:00,2020-06-25 00:00:00+00:00,9284.06,9035.7,9562.58,9035.7,1.077115,TP,257.64,2.576,1,2020
short,2020-07-09 00:00:00+00:00,2020-07-16 00:00:00+00:00,9232.9,9049.89,9509.89,9034.88,1.083083,TP,188.31,1.883,7,2020
short,2020-09-03 00:00:00+00:00,2020-09-04 00:00:00+00:00,10158.0,10464.74,10462.74,9887.79,0.984446,SL,-312.12,-3.121,1,2020
short,2021-04-18 00:00:00+00:00,2021-04-22 00:00:00+00:00,56278.6,50745.39,57966.96,50577.58,0.177687,TP,973.67,9.737,4,2021
short,2021-05-02 00:00:00+00:00,2021-05-03 00:00:00+00:00,56620.66,58321.28,58319.28,51589.73,0.176614,SL,-310.5,-3.105,1,2021
short,2021-05-04 00:00:00+00:00,2021-05-05 00:00:00+00:00,53234.84,54833.89,54831.89,49159.9,0.187847,SL,-310.53,-3.105,1,2021
short,2021-05-06 00:00:00+00:00,2021-05-07 00:00:00+00:00,56445.39,58140.75,58138.75,51681.65,0.177162,SL,-310.5,-3.105,1,2021
short,2021-05-10 00:00:00+00:00,2021-05-12 00:00:00+00:00,55878.72,57557.08,57555.08,51483.0,0.178959,SL,-310.51,-3.105,2,2021
long,2021-07-25 00:00:00+00:00,2021-07-26 00:00:00+00:00,35430.28,37739.23,34367.37,37739.23,0.282244,TP,641.36,6.414,1,2021
long,2021-09-12 00:00:00+00:00,2021-09-13 00:00:00+00:00,46037.0,46039.42,44655.89,45998.38,0.217217,TP,-9.47,-0.095,1,2021
short,2021-09-20 00:00:00+00:00,2021-09-21 00:00:00+00:00,43033.99,43003.07,44325.01,43736.45,0.232374,TP,-2.81,-0.028,1,2021
short,2021-11-18 00:00:00+00:00,2021-11-20 00:00:00+00:00,56915.66,58625.13,58623.13,54178.53,0.175699,SL,-310.5,-3.105,2,2021
long,2022-02-07 00:00:00+00:00,2022-02-08 00:00:00+00:00,43871.04,45205.5,42554.91,45205.5,0.227941,TP,294.02,2.94,1,2022
long,2022-02-14 00:00:00+00:00,2022-02-15 00:00:00+00:00,42542.3,44260.26,41266.03,44260.26,0.23506,TP,393.62,3.936,1,2022
long,2022-02-28 00:00:00+00:00,2022-03-01 00:00:00+00:00,43180.98,44693.06,41885.55,44693.06,0.231583,TP,340.0,3.4,1,2022
long,2022-03-09 00:00:00+00:00,2022-03-10 00:00:00+00:00,41962.02,40701.16,40703.16,43709.16,0.238311,SL,-310.33,-3.103,1,2022
long,2022-03-16 00:00:00+00:00,2022-03-22 00:00:00+00:00,41144.76,42971.94,39910.42,43014.21,0.243044,TP,433.86,4.339,6,2022
long,2022-07-19 00:00:00+00:00,2022-07-21 00:00:00+00:00,23407.02,22702.81,22704.81,26387.02,0.427222,SL,-310.7,-3.107,2,2022
long,2022-07-24 00:00:00+00:00,2022-07-25 00:00:00+00:00,22597.81,21917.88,21919.88,25634.23,0.442521,SL,-310.73,-3.107,1,2022
long,2022-07-27 00:00:00+00:00,2022-08-19 00:00:00+00:00,22971.04,22279.91,22281.91,25838.17,0.435331,SL,-310.72,-3.107,23,2022
long,2022-09-12 00:00:00+00:00,2022-09-13 00:00:00+00:00,22403.0,21728.91,21730.91,24328.15,0.446369,SL,-310.74,-3.107,1,2022
long,2022-10-04 00:00:00+00:00,2022-10-07 00:00:00+00:00,20345.0,19732.65,19734.65,22214.99,0.491521,SL,-310.83,-3.108,3,2022
long,2022-10-25 00:00:00+00:00,2022-11-04 00:00:00+00:00,20089.0,21134.22,19486.33,21361.5,0.497785,TP,510.04,5.1,10,2022
long,2022-12-26 00:00:00+00:00,2022-12-30 00:00:00+00:00,16919.0,16409.43,16411.43,17679.21,0.591051,SL,-311.03,-3.11,4,2022
long,2023-01-04 00:00:00+00:00,2023-01-11 00:00:00+00:00,16851.0,17524.77,16345.47,17551.81,0.593437,TP,389.64,3.896,7,2023
short,2023-03-03 00:00:00+00:00,2023-03-08 00:00:00+00:00,22357.0,21696.66,23027.71,21699.0,0.447287,TP,285.51,2.855,5,2023
short,2023-05-01 00:00:00+00:00,2023-05-03 00:00:00+00:00,28077.0,28921.31,28919.31,26508.65,0.356163,SL,-310.86,-3.109,2,2023
short,2023-05-07 00:00:00+00:00,2023-05-10 00:00:00+00:00,28470.0,26897.29,29324.1,26875.87,0.351247,TP,542.69,5.427,3,2023
short,2023-07-30 00:00:00+00:00,2023-08-01 00:00:00+00:00,29277.0,28626.92,30155.31,28613.95,0.341565,TP,212.15,2.122,2,2023
short,2023-08-02 00:00:00+00:00,2023-08-08 00:00:00+00:00,29162.0,30038.86,30036.86,28563.14,0.342912,SL,-310.84,-3.108,6,2023
long,2023-09-19 00:00:00+00:00,2023-09-20 00:00:00+00:00,27216.0,27351.83,26399.52,27351.83,0.367431,TP,39.88,0.399,1,2023
long,2023-09-28 00:00:00+00:00,2023-10-01 00:00:00+00:00,27028.0,27272.63,26217.16,27266.48,0.369987,TP,80.46,0.805,3,2023
short,2024-01-14 00:00:00+00:00,2024-01-15 00:00:00+00:00,41713.0,42966.39,42964.39,39543.02,0.239733,SL,-310.63,-3.106,1,2024
short,2024-01-17 00:00:00+00:00,2024-01-19 00:00:00+00:00,42736.0,40369.67,44018.08,40356.34,0.233995,TP,543.99,5.44,2,2024
short,2024-01-31 00:00:00+00:00,2024-02-07 00:00:00+00:00,42556.0,43834.68,43832.68,40412.6,0.234984,SL,-310.62,-3.106,7,2024
short,2024-04-13 00:00:00+00:00,2024-04-15 00:00:00+00:00,64052.0,65975.56,65973.56,59552.08,0.156123,SL,-310.46,-3.105,2,2024
short,2024-06-14 00:00:00+00:00,2024-06-21 00:00:00+00:00,65994.0,63787.0,67973.82,63583.72,0.151529,TP,324.59,3.246,7,2024
short,2024-08-02 00:00:00+00:00,2024-08-03 00:00:00+00:00,61419.0,61390.99,63261.57,61390.99,0.162816,TP,-5.44,-0.054,1,2024
long,2024-08-23 00:00:00+00:00,2024-08-24 00:00:00+00:00,64087.0,64095.0,62164.39,63845.45,0.156038,TP,-8.75,-0.088,1,2024
long,2024-09-13 00:00:00+00:00,2024-09-15 00:00:00+00:00,60547.0,58728.59,58730.59,61412.78,0.165161,SL,-310.18,-3.102,2,2024
long,2024-09-17 00:00:00+00:00,2024-09-18 00:00:00+00:00,60318.0,61234.14,58508.46,61234.14,0.165788,TP,141.81,1.418,1,2024
long,2024-10-11 00:00:00+00:00,2024-10-12 00:00:00+00:00,62454.0,62702.35,60580.38,62702.35,0.160118,TP,29.75,0.297,1,2024
short,2024-12-27 00:00:00+00:00,2025-01-02 00:00:00+00:00,94166.0,96992.98,96990.98,88372.58,0.106195,SL,-310.36,-3.104,6,2025
short,2025-01-07 00:00:00+00:00,2025-01-13 00:00:00+00:00,96944.0,91074.13,99852.32,90872.71,0.103152,TP,595.79,5.958,6,2025
short,2025-02-02 00:00:00+00:00,2025-02-03 00:00:00+00:00,97673.0,92723.34,100603.19,92723.34,0.102382,TP,497.01,4.97,1,2025
short,2025-02-04 00:00:00+00:00,2025-02-18 00:00:00+00:00,97784.0,93380.42,100717.52,92892.3,0.102266,TP,440.56,4.406,14,2025
long,2025-04-12 00:00:00+00:00,2025-04-13 00:00:00+00:00,85276.0,85773.33,82717.72,85773.33,0.117266,TP,48.29,0.483,1,2025
long,2025-04-14 00:00:00+00:00,2025-04-15 00:00:00+00:00,84585.0,85305.05,82047.45,85305.05,0.118224,TP,75.08,0.751,1,2025
long,2025-04-17 00:00:00+00:00,2025-04-21 00:00:00+00:00,84956.0,85740.07,82407.32,85652.58,0.117708,TP,82.25,0.822,4,2025
short,2025-06-20 00:00:00+00:00,2025-06-21 00:00:00+00:00,103314.0,101461.83,106413.42,101461.83,0.096792,TP,169.37,1.694,1,2025
short,2025-07-01 00:00:00+00:00,2025-07-02 00:00:00+00:00,105707.0,108880.21,108878.21,103350.69,0.094601,SL,-310.34,-3.103,1,2025
short,2025-08-19 00:00:00+00:00,2025-08-22 00:00:00+00:00,112868.0,116256.04,116254.04,109751.6,0.088599,SL,-310.33,-3.103,3,2025
short,2025-08-23 00:00:00+00:00,2025-08-24 00:00:00+00:00,115390.0,111719.92,118851.7,111719.92,0.086663,TP,308.22,3.082,1,2025
short,2025-09-22 00:00:00+00:00,2025-09-25 00:00:00+00:00,112739.0,110523.77,116121.17,110458.26,0.0887,TP,186.59,1.866,3,2025
short,2025-10-10 00:00:00+00:00,2025-10-11 00:00:00+00:00,112994.0,111394.72,116383.82,111394.72,0.0885,TP,131.61,1.316,1,2025
short,2025-10-14 00:00:00+00:00,2025-10-15 00:00:00+00:00,113076.0,111591.53,116468.28,111591.53,0.088436,TP,121.35,1.213,1,2025
short,2025-10-27 00:00:00+00:00,2025-10-28 00:00:00+00:00,114099.0,112818.65,117521.97,112818.65,0.087643,TP,102.27,1.023,1,2025
long,2026-01-02 00:00:00+00:00,2026-01-05 00:00:00+00:00,89954.0,94140.71,87255.38,94174.98,0.111168,TP,455.2,4.552,3,2026
long,2026-03-15 00:00:00+00:00,2026-03-18 00:00:00+00:00,72833.0,70646.01,70648.01,78108.51,0.1373,SL,-310.12,-3.101,3,2026
long,2026-03-20 00:00:00+00:00,2026-03-22 00:00:00+00:00,70504.0,68386.88,68388.88,76128.27,0.141836,SL,-310.13,-3.101,2,2026
long,2026-03-23 00:00:00+00:00,2026-03-26 00:00:00+00:00,70885.0,68756.45,68758.45,76256.4,0.141074,SL,-310.13,-3.101,3,2026
long,2026-04-05 00:00:00+00:00,2026-04-11 00:00:00+00:00,69001.0,73819.86,66930.97,74094.76,0.144925,TP,688.03,6.88,6,2026
long,2026-05-23 00:00:00+00:00,2026-05-25 00:00:00+00:00,76657.99,77625.21,74358.25,77658.82,0.13045,TP,116.11,1.161,2,2026
long,2026-07-14 00:00:00+00:00,2026-07-17 00:00:00+00:00,64977.72,63026.39,63028.39,67141.33,0.153899,SL,-310.16,-3.102,3,2026
long,2026-08-02 00:00:00+00:00,2026-08-07 00:00:00+00:00,63501.99,65254.05,61596.93,65408.39,0.157475,TP,265.77,2.658,5,2026
long,2026-08-17 00:00:00+00:00,2026-08-19 00:00:00+00:00,64486.76,65626.19,62552.16,65650.5,0.155071,TP,166.6,1.666,2,2026
