tf,dir,retrace,stop,sep_min,sep_max,is_trades,is_pf,passed_is,oos_fwd_pf,oos_fwd_trades,oos_back_pf,oos_back_trades,pf_wo_best,top1_share,worst_trade_pct
15m,long only,0.25,1.0xATR,0.5,0.0,1998,0.57,False,,,,,,,
15m,long only,0.25,1.0xATR,0.5,10.0,1970,0.53,False,,,,,,,
15m,long only,0.25,1.0xATR,0.5,20.0,1996,0.567,False,,,,,,,
15m,long only,0.25,1.0xATR,2.0,0.0,927,0.699,False,,,,,,,
15m,long only,0.25,1.0xATR,2.0,10.0,899,0.646,False,,,,,,,
15m,long only,0.25,1.0xATR,2.0,20.0,925,0.696,False,,,,,,,
15m,long only,0.25,2.0xATR,0.5,0.0,1596,0.655,False,,,,,,,
15m,long only,0.25,2.0xATR,0.5,10.0,1572,0.615,False,,,,,,,
15m,long only,0.25,2.0xATR,0.5,20.0,1595,0.647,False,,,,,,,
15m,long only,0.25,2.0xATR,2.0,0.0,718,0.762,False,,,,,,,
15m,long only,0.25,2.0xATR,2.0,10.0,694,0.713,False,,,,,,,
15m,long only,0.25,2.0xATR,2.0,20.0,717,0.751,False,,,,,,,
15m,long only,0.25,3.0xATR,0.5,0.0,1426,0.66,False,,,,,,,
15m,long only,0.25,3.0xATR,0.5,10.0,1406,0.623,False,,,,,,,
15m,long only,0.25,3.0xATR,0.5,20.0,1425,0.652,False,,,,,,,
15m,long only,0.25,3.0xATR,2.0,0.0,629,0.73,False,,,,,,,
15m,long only,0.25,3.0xATR,2.0,10.0,609,0.684,False,,,,,,,
15m,long only,0.25,3.0xATR,2.0,20.0,628,0.719,False,,,,,,,
15m,long only,0.25,3.0%,0.5,0.0,1311,0.67,False,,,,,,,
15m,long only,0.25,3.0%,0.5,10.0,1286,0.638,False,,,,,,,
15m,long only,0.25,3.0%,0.5,20.0,1309,0.677,False,,,,,,,
15m,long only,0.25,3.0%,2.0,0.0,597,0.738,False,,,,,,,
15m,long only,0.25,3.0%,2.0,10.0,572,0.7,False,,,,,,,
15m,long only,0.25,3.0%,2.0,20.0,595,0.748,False,,,,,,,
15m,long only,0.25,5.0%,0.5,0.0,1187,0.668,False,,,,,,,
15m,long only,0.25,5.0%,0.5,10.0,1164,0.63,False,,,,,,,
15m,long only,0.25,5.0%,0.5,20.0,1185,0.664,False,,,,,,,
15m,long only,0.25,5.0%,2.0,0.0,528,0.748,False,,,,,,,
15m,long only,0.25,5.0%,2.0,10.0,505,0.704,False,,,,,,,
15m,long only,0.25,5.0%,2.0,20.0,526,0.744,False,,,,,,,
15m,long only,0.5,1.0xATR,0.5,0.0,1890,0.63,False,,,,,,,
15m,long only,0.5,1.0xATR,0.5,10.0,1863,0.607,False,,,,,,,
15m,long only,0.5,1.0xATR,0.5,20.0,1888,0.637,False,,,,,,,
15m,long only,0.5,1.0xATR,2.0,0.0,883,0.711,False,,,,,,,
15m,long only,0.5,1.0xATR,2.0,10.0,856,0.682,False,,,,,,,
15m,long only,0.5,1.0xATR,2.0,20.0,881,0.724,False,,,,,,,
15m,long only,0.5,2.0xATR,0.5,0.0,1380,0.716,False,,,,,,,
15m,long only,0.5,2.0xATR,0.5,10.0,1363,0.694,False,,,,,,,
15m,long only,0.5,2.0xATR,0.5,20.0,1384,0.713,False,,,,,,,
15m,long only,0.5,2.0xATR,2.0,0.0,627,0.778,False,,,,,,,
15m,long only,0.5,2.0xATR,2.0,10.0,608,0.751,False,,,,,,,
15m,long only,0.5,2.0xATR,2.0,20.0,629,0.773,False,,,,,,,
15m,long only,0.5,3.0xATR,0.5,0.0,1176,0.755,False,,,,,,,
15m,long only,0.5,3.0xATR,0.5,10.0,1163,0.746,False,,,,,,,
15m,long only,0.5,3.0xATR,0.5,20.0,1178,0.764,False,,,,,,,
15m,long only,0.5,3.0xATR,2.0,0.0,530,0.776,False,,,,,,,
15m,long only,0.5,3.0xATR,2.0,10.0,516,0.766,False,,,,,,,
15m,long only,0.5,3.0xATR,2.0,20.0,531,0.788,False,,,,,,,
15m,long only,0.5,3.0%,0.5,0.0,1067,0.767,False,,,,,,,
15m,long only,0.5,3.0%,0.5,10.0,1043,0.749,False,,,,,,,
15m,long only,0.5,3.0%,0.5,20.0,1065,0.773,False,,,,,,,
15m,long only,0.5,3.0%,2.0,0.0,509,0.788,False,,,,,,,
15m,long only,0.5,3.0%,2.0,10.0,485,0.767,False,,,,,,,
15m,long only,0.5,3.0%,2.0,20.0,507,0.797,False,,,,,,,
15m,long only,0.5,5.0%,0.5,0.0,944,0.769,False,,,,,,,
15m,long only,0.5,5.0%,0.5,10.0,924,0.762,False,,,,,,,
15m,long only,0.5,5.0%,0.5,20.0,942,0.78,False,,,,,,,
15m,long only,0.5,5.0%,2.0,0.0,435,0.789,False,,,,,,,
15m,long only,0.5,5.0%,2.0,10.0,415,0.783,False,,,,,,,
15m,long only,0.5,5.0%,2.0,20.0,433,0.804,False,,,,,,,
15m,long only,0.75,1.0xATR,0.5,0.0,1815,0.684,False,,,,,,,
15m,long only,0.75,1.0xATR,0.5,10.0,1789,0.652,False,,,,,,,
15m,long only,0.75,1.0xATR,0.5,20.0,1813,0.691,False,,,,,,,
15m,long only,0.75,1.0xATR,2.0,0.0,863,0.732,False,,,,,,,
15m,long only,0.75,1.0xATR,2.0,10.0,837,0.687,False,,,,,,,
15m,long only,0.75,1.0xATR,2.0,20.0,861,0.745,False,,,,,,,
15m,long only,0.75,2.0xATR,0.5,0.0,1268,0.787,False,,,,,,,
15m,long only,0.75,2.0xATR,0.5,10.0,1252,0.748,False,,,,,,,
15m,long only,0.75,2.0xATR,0.5,20.0,1269,0.782,False,,,,,,,
15m,long only,0.75,2.0xATR,2.0,0.0,586,0.846,False,,,,,,,
15m,long only,0.75,2.0xATR,2.0,10.0,568,0.793,False,,,,,,,
15m,long only,0.75,2.0xATR,2.0,20.0,587,0.839,False,,,,,,,
15m,long only,0.75,3.0xATR,0.5,0.0,1058,0.815,False,,,,,,,
15m,long only,0.75,3.0xATR,0.5,10.0,1045,0.792,False,,,,,,,
15m,long only,0.75,3.0xATR,0.5,20.0,1058,0.818,False,,,,,,,
15m,long only,0.75,3.0xATR,2.0,0.0,489,0.821,False,,,,,,,
15m,long only,0.75,3.0xATR,2.0,10.0,476,0.79,False,,,,,,,
15m,long only,0.75,3.0xATR,2.0,20.0,489,0.825,False,,,,,,,
15m,long only,0.75,3.0%,0.5,0.0,941,0.827,False,,,,,,,
15m,long only,0.75,3.0%,0.5,10.0,919,0.797,False,,,,,,,
15m,long only,0.75,3.0%,0.5,20.0,939,0.833,False,,,,,,,
15m,long only,0.75,3.0%,2.0,0.0,463,0.838,False,,,,,,,
15m,long only,0.75,3.0%,2.0,10.0,441,0.799,False,,,,,,,
15m,long only,0.75,3.0%,2.0,20.0,461,0.847,False,,,,,,,
15m,long only,0.75,5.0%,0.5,0.0,822,0.825,False,,,,,,,
15m,long only,0.75,5.0%,0.5,10.0,804,0.803,False,,,,,,,
15m,long only,0.75,5.0%,0.5,20.0,820,0.837,False,,,,,,,
15m,long only,0.75,5.0%,2.0,0.0,388,0.852,False,,,,,,,
15m,long only,0.75,5.0%,2.0,10.0,370,0.824,False,,,,,,,
15m,long only,0.75,5.0%,2.0,20.0,386,0.868,False,,,,,,,
15m,long only,1.0,1.0xATR,0.5,0.0,1748,0.659,False,,,,,,,
15m,long only,1.0,1.0xATR,0.5,10.0,1723,0.624,False,,,,,,,
15m,long only,1.0,1.0xATR,0.5,20.0,1746,0.666,False,,,,,,,
15m,long only,1.0,1.0xATR,2.0,0.0,848,0.702,False,,,,,,,
15m,long only,1.0,1.0xATR,2.0,10.0,823,0.653,False,,,,,,,
15m,long only,1.0,1.0xATR,2.0,20.0,846,0.713,False,,,,,,,
15m,long only,1.0,2.0xATR,0.5,0.0,1180,0.759,False,,,,,,,
15m,long only,1.0,2.0xATR,0.5,10.0,1166,0.718,False,,,,,,,
15m,long only,1.0,2.0xATR,0.5,20.0,1181,0.754,False,,,,,,,
15m,long only,1.0,2.0xATR,2.0,0.0,571,0.797,False,,,,,,,
15m,long only,1.0,2.0xATR,2.0,10.0,554,0.745,False,,,,,,,
15m,long only,1.0,2.0xATR,2.0,20.0,572,0.79,False,,,,,,,
15m,long only,1.0,3.0xATR,0.5,0.0,961,0.789,False,,,,,,,
15m,long only,1.0,3.0xATR,0.5,10.0,951,0.763,False,,,,,,,
15m,long only,1.0,3.0xATR,0.5,20.0,961,0.791,False,,,,,,,
15m,long only,1.0,3.0xATR,2.0,0.0,468,0.793,False,,,,,,,
15m,long only,1.0,3.0xATR,2.0,10.0,457,0.758,False,,,,,,,
15m,long only,1.0,3.0xATR,2.0,20.0,468,0.796,False,,,,,,,
15m,long only,1.0,3.0%,0.5,0.0,848,0.778,False,,,,,,,
15m,long only,1.0,3.0%,0.5,10.0,828,0.748,False,,,,,,,
15m,long only,1.0,3.0%,0.5,20.0,846,0.784,False,,,,,,,
15m,long only,1.0,3.0%,2.0,0.0,447,0.792,False,,,,,,,
15m,long only,1.0,3.0%,2.0,10.0,426,0.752,False,,,,,,,
15m,long only,1.0,3.0%,2.0,20.0,445,0.799,False,,,,,,,
15m,long only,1.0,5.0%,0.5,0.0,726,0.762,False,,,,,,,
15m,long only,1.0,5.0%,0.5,10.0,710,0.74,False,,,,,,,
15m,long only,1.0,5.0%,0.5,20.0,724,0.772,False,,,,,,,
15m,long only,1.0,5.0%,2.0,0.0,368,0.803,False,,,,,,,
15m,long only,1.0,5.0%,2.0,10.0,351,0.778,False,,,,,,,
15m,long only,1.0,5.0%,2.0,20.0,366,0.817,False,,,,,,,
15m,both,0.25,1.0xATR,0.5,0.0,4699,0.496,False,,,,,,,
15m,both,0.25,1.0xATR,0.5,10.0,4659,0.474,False,,,,,,,
15m,both,0.25,1.0xATR,0.5,20.0,4697,0.495,False,,,,,,,
15m,both,0.25,1.0xATR,2.0,0.0,2127,0.622,False,,,,,,,
15m,both,0.25,1.0xATR,2.0,10.0,2087,0.592,False,,,,,,,
15m,both,0.25,1.0xATR,2.0,20.0,2125,0.621,False,,,,,,,
15m,both,0.25,2.0xATR,0.5,0.0,3694,0.589,False,,,,,,,
15m,both,0.25,2.0xATR,0.5,10.0,3664,0.564,False,,,,,,,
15m,both,0.25,2.0xATR,0.5,20.0,3693,0.586,False,,,,,,,
15m,both,0.25,2.0xATR,2.0,0.0,1624,0.7,False,,,,,,,
15m,both,0.25,2.0xATR,2.0,10.0,1594,0.667,False,,,,,,,
15m,both,0.25,2.0xATR,2.0,20.0,1623,0.695,False,,,,,,,
15m,both,0.25,3.0xATR,0.5,0.0,3280,0.625,False,,,,,,,
15m,both,0.25,3.0xATR,0.5,10.0,3255,0.599,False,,,,,,,
15m,both,0.25,3.0xATR,0.5,20.0,3279,0.621,False,,,,,,,
15m,both,0.25,3.0xATR,2.0,0.0,1414,0.727,False,,,,,,,
15m,both,0.25,3.0xATR,2.0,10.0,1389,0.693,False,,,,,,,
15m,both,0.25,3.0xATR,2.0,20.0,1413,0.722,False,,,,,,,
15m,both,0.25,3.0%,0.5,0.0,2918,0.614,False,,,,,,,
15m,both,0.25,3.0%,0.5,10.0,2885,0.591,False,,,,,,,
15m,both,0.25,3.0%,0.5,20.0,2916,0.616,False,,,,,,,
15m,both,0.25,3.0%,2.0,0.0,1301,0.741,False,,,,,,,
15m,both,0.25,3.0%,2.0,10.0,1268,0.712,False,,,,,,,
15m,both,0.25,3.0%,2.0,20.0,1299,0.746,False,,,,,,,
15m,both,0.25,5.0%,0.5,0.0,2598,0.615,False,,,,,,,
15m,both,0.25,5.0%,0.5,10.0,2570,0.587,False,,,,,,,
15m,both,0.25,5.0%,0.5,20.0,2596,0.613,False,,,,,,,
15m,both,0.25,5.0%,2.0,0.0,1149,0.757,False,,,,,,,
15m,both,0.25,5.0%,2.0,10.0,1121,0.722,False,,,,,,,
15m,both,0.25,5.0%,2.0,20.0,1147,0.755,False,,,,,,,
15m,both,0.5,1.0xATR,0.5,0.0,4455,0.573,False,,,,,,,
15m,both,0.5,1.0xATR,0.5,10.0,4417,0.558,False,,,,,,,
15m,both,0.5,1.0xATR,0.5,20.0,4453,0.576,False,,,,,,,
15m,both,0.5,1.0xATR,2.0,0.0,2031,0.658,False,,,,,,,
15m,both,0.5,1.0xATR,2.0,10.0,1993,0.639,False,,,,,,,
15m,both,0.5,1.0xATR,2.0,20.0,2029,0.664,False,,,,,,,
15m,both,0.5,2.0xATR,0.5,0.0,3196,0.67,False,,,,,,,
15m,both,0.5,2.0xATR,0.5,10.0,3172,0.656,False,,,,,,,
15m,both,0.5,2.0xATR,0.5,20.0,3200,0.669,False,,,,,,,
15m,both,0.5,2.0xATR,2.0,0.0,1421,0.737,False,,,,,,,
15m,both,0.5,2.0xATR,2.0,10.0,1396,0.718,False,,,,,,,
15m,both,0.5,2.0xATR,2.0,20.0,1423,0.734,False,,,,,,,
15m,both,0.5,3.0xATR,0.5,0.0,2699,0.716,False,,,,,,,
15m,both,0.5,3.0xATR,0.5,10.0,2682,0.705,False,,,,,,,
15m,both,0.5,3.0xATR,0.5,20.0,2701,0.72,False,,,,,,,
15m,both,0.5,3.0xATR,2.0,0.0,1183,0.766,False,,,,,,,
15m,both,0.5,3.0xATR,2.0,10.0,1165,0.752,False,,,,,,,
15m,both,0.5,3.0xATR,2.0,20.0,1184,0.772,False,,,,,,,
15m,both,0.5,3.0%,0.5,0.0,2335,0.71,False,,,,,,,
15m,both,0.5,3.0%,0.5,10.0,2305,0.695,False,,,,,,,
15m,both,0.5,3.0%,0.5,20.0,2333,0.712,False,,,,,,,
15m,both,0.5,3.0%,2.0,0.0,1080,0.782,False,,,,,,,
15m,both,0.5,3.0%,2.0,10.0,1050,0.765,False,,,,,,,
15m,both,0.5,3.0%,2.0,20.0,1078,0.787,False,,,,,,,
15m,both,0.5,5.0%,0.5,0.0,2030,0.714,False,,,,,,,
15m,both,0.5,5.0%,0.5,10.0,2007,0.7,False,,,,,,,
15m,both,0.5,5.0%,0.5,20.0,2028,0.719,False,,,,,,,
15m,both,0.5,5.0%,2.0,0.0,918,0.806,False,,,,,,,
15m,both,0.5,5.0%,2.0,10.0,895,0.791,False,,,,,,,
15m,both,0.5,5.0%,2.0,20.0,916,0.815,False,,,,,,,
15m,both,0.75,1.0xATR,0.5,0.0,4282,0.586,False,,,,,,,
15m,both,0.75,1.0xATR,0.5,10.0,4248,0.565,False,,,,,,,
15m,both,0.75,1.0xATR,0.5,20.0,4280,0.589,False,,,,,,,
15m,both,0.75,1.0xATR,2.0,0.0,1983,0.645,False,,,,,,,
15m,both,0.75,1.0xATR,2.0,10.0,1949,0.614,False,,,,,,,
15m,both,0.75,1.0xATR,2.0,20.0,1981,0.65,False,,,,,,,
15m,both,0.75,2.0xATR,0.5,0.0,2916,0.695,False,,,,,,,
15m,both,0.75,2.0xATR,0.5,10.0,2894,0.673,False,,,,,,,
15m,both,0.75,2.0xATR,0.5,20.0,2917,0.693,False,,,,,,,
15m,both,0.75,2.0xATR,2.0,0.0,1338,0.748,False,,,,,,,
15m,both,0.75,2.0xATR,2.0,10.0,1315,0.718,False,,,,,,,
15m,both,0.75,2.0xATR,2.0,20.0,1339,0.745,False,,,,,,,
15m,both,0.75,3.0xATR,0.5,0.0,2399,0.732,False,,,,,,,
15m,both,0.75,3.0xATR,0.5,10.0,2383,0.715,False,,,,,,,
15m,both,0.75,3.0xATR,0.5,20.0,2399,0.733,False,,,,,,,
15m,both,0.75,3.0xATR,2.0,0.0,1096,0.762,False,,,,,,,
15m,both,0.75,3.0xATR,2.0,10.0,1080,0.739,False,,,,,,,
15m,both,0.75,3.0xATR,2.0,20.0,1096,0.764,False,,,,,,,
15m,both,0.75,3.0%,0.5,0.0,2033,0.727,False,,,,,,,
15m,both,0.75,3.0%,0.5,10.0,2007,0.706,False,,,,,,,
15m,both,0.75,3.0%,0.5,20.0,2031,0.73,False,,,,,,,
15m,both,0.75,3.0%,2.0,0.0,987,0.782,False,,,,,,,
15m,both,0.75,3.0%,2.0,10.0,961,0.753,False,,,,,,,
15m,both,0.75,3.0%,2.0,20.0,985,0.786,False,,,,,,,
15m,both,0.75,5.0%,0.5,0.0,1757,0.715,False,,,,,,,
15m,both,0.75,5.0%,0.5,10.0,1737,0.693,False,,,,,,,
15m,both,0.75,5.0%,0.5,20.0,1755,0.72,False,,,,,,,
15m,both,0.75,5.0%,2.0,0.0,826,0.792,False,,,,,,,
15m,both,0.75,5.0%,2.0,10.0,806,0.763,False,,,,,,,
15m,both,0.75,5.0%,2.0,20.0,824,0.799,False,,,,,,,
15m,both,1.0,1.0xATR,0.5,0.0,4157,0.569,False,,,,,,,
15m,both,1.0,1.0xATR,0.5,10.0,4124,0.552,False,,,,,,,
15m,both,1.0,1.0xATR,0.5,20.0,4155,0.572,False,,,,,,,
15m,both,1.0,1.0xATR,2.0,0.0,1956,0.612,False,,,,,,,
15m,both,1.0,1.0xATR,2.0,10.0,1923,0.585,False,,,,,,,
15m,both,1.0,1.0xATR,2.0,20.0,1954,0.617,False,,,,,,,
15m,both,1.0,2.0xATR,0.5,0.0,2738,0.681,False,,,,,,,
15m,both,1.0,2.0xATR,0.5,10.0,2719,0.661,False,,,,,,,
15m,both,1.0,2.0xATR,0.5,20.0,2739,0.679,False,,,,,,,
15m,both,1.0,2.0xATR,2.0,0.0,1306,0.714,False,,,,,,,
15m,both,1.0,2.0xATR,2.0,10.0,1285,0.69,False,,,,,,,
15m,both,1.0,2.0xATR,2.0,20.0,1307,0.711,False,,,,,,,
15m,both,1.0,3.0xATR,0.5,0.0,2205,0.717,False,,,,,,,
15m,both,1.0,3.0xATR,0.5,10.0,2193,0.703,False,,,,,,,
15m,both,1.0,3.0xATR,0.5,20.0,2205,0.718,False,,,,,,,
15m,both,1.0,3.0xATR,2.0,0.0,1055,0.735,False,,,,,,,
15m,both,1.0,3.0xATR,2.0,10.0,1042,0.716,False,,,,,,,
15m,both,1.0,3.0xATR,2.0,20.0,1055,0.737,False,,,,,,,
15m,both,1.0,3.0%,0.5,0.0,1850,0.704,False,,,,,,,
15m,both,1.0,3.0%,0.5,10.0,1826,0.687,False,,,,,,,
15m,both,1.0,3.0%,0.5,20.0,1848,0.706,False,,,,,,,
15m,both,1.0,3.0%,2.0,0.0,950,0.748,False,,,,,,,
15m,both,1.0,3.0%,2.0,10.0,925,0.726,False,,,,,,,
15m,both,1.0,3.0%,2.0,20.0,948,0.751,False,,,,,,,
15m,both,1.0,5.0%,0.5,0.0,1581,0.67,False,,,,,,,
15m,both,1.0,5.0%,0.5,10.0,1564,0.653,False,,,,,,,
15m,both,1.0,5.0%,0.5,20.0,1579,0.674,False,,,,,,,
15m,both,1.0,5.0%,2.0,0.0,783,0.737,False,,,,,,,
15m,both,1.0,5.0%,2.0,10.0,765,0.716,False,,,,,,,
15m,both,1.0,5.0%,2.0,20.0,781,0.743,False,,,,,,,
1h,long only,0.25,1.0xATR,0.5,0.0,508,0.665,False,,,,,,,
1h,long only,0.25,1.0xATR,0.5,10.0,452,0.643,False,,,,,,,
1h,long only,0.25,1.0xATR,0.5,20.0,503,0.654,False,,,,,,,
1h,long only,0.25,1.0xATR,2.0,0.0,364,0.682,False,,,,,,,
1h,long only,0.25,1.0xATR,2.0,10.0,308,0.665,False,,,,,,,
1h,long only,0.25,1.0xATR,2.0,20.0,359,0.671,False,,,,,,,
1h,long only,0.25,2.0xATR,0.5,0.0,425,0.763,False,,,,,,,
1h,long only,0.25,2.0xATR,0.5,10.0,387,0.604,False,,,,,,,
1h,long only,0.25,2.0xATR,0.5,20.0,422,0.707,False,,,,,,,
1h,long only,0.25,2.0xATR,2.0,0.0,291,0.798,False,,,,,,,
1h,long only,0.25,2.0xATR,2.0,10.0,253,0.627,False,,,,,,,
1h,long only,0.25,2.0xATR,2.0,20.0,288,0.736,False,,,,,,,
1h,long only,0.25,3.0xATR,0.5,0.0,387,0.688,False,,,,,,,
1h,long only,0.25,3.0xATR,0.5,10.0,353,0.564,False,,,,,,,
1h,long only,0.25,3.0xATR,0.5,20.0,384,0.635,False,,,,,,,
1h,long only,0.25,3.0xATR,2.0,0.0,260,0.718,False,,,,,,,
1h,long only,0.25,3.0xATR,2.0,10.0,226,0.586,False,,,,,,,
1h,long only,0.25,3.0xATR,2.0,20.0,257,0.659,False,,,,,,,
1h,long only,0.25,3.0%,0.5,0.0,406,0.645,False,,,,,,,
1h,long only,0.25,3.0%,0.5,10.0,359,0.572,False,,,,,,,
1h,long only,0.25,3.0%,0.5,20.0,401,0.634,False,,,,,,,
1h,long only,0.25,3.0%,2.0,0.0,288,0.654,False,,,,,,,
1h,long only,0.25,3.0%,2.0,10.0,241,0.578,False,,,,,,,
1h,long only,0.25,3.0%,2.0,20.0,283,0.643,False,,,,,,,
1h,long only,0.25,5.0%,0.5,0.0,360,0.734,False,,,,,,,
1h,long only,0.25,5.0%,0.5,10.0,322,0.592,False,,,,,,,
1h,long only,0.25,5.0%,0.5,20.0,356,0.689,False,,,,,,,
1h,long only,0.25,5.0%,2.0,0.0,248,0.729,False,,,,,,,
1h,long only,0.25,5.0%,2.0,10.0,210,0.579,False,,,,,,,
1h,long only,0.25,5.0%,2.0,20.0,244,0.683,False,,,,,,,
1h,long only,0.5,1.0xATR,0.5,0.0,486,0.681,False,,,,,,,
1h,long only,0.5,1.0xATR,0.5,10.0,434,0.672,False,,,,,,,
1h,long only,0.5,1.0xATR,0.5,20.0,484,0.664,False,,,,,,,
1h,long only,0.5,1.0xATR,2.0,0.0,349,0.67,False,,,,,,,
1h,long only,0.5,1.0xATR,2.0,10.0,297,0.654,False,,,,,,,
1h,long only,0.5,1.0xATR,2.0,20.0,347,0.651,False,,,,,,,
1h,long only,0.5,2.0xATR,0.5,0.0,384,0.772,False,,,,,,,
1h,long only,0.5,2.0xATR,0.5,10.0,352,0.697,False,,,,,,,
1h,long only,0.5,2.0xATR,0.5,20.0,382,0.767,False,,,,,,,
1h,long only,0.5,2.0xATR,2.0,0.0,261,0.78,False,,,,,,,
1h,long only,0.5,2.0xATR,2.0,10.0,229,0.696,False,,,,,,,
1h,long only,0.5,2.0xATR,2.0,20.0,259,0.775,False,,,,,,,
1h,long only,0.5,3.0xATR,0.5,0.0,343,0.694,False,,,,,,,
1h,long only,0.5,3.0xATR,0.5,10.0,315,0.672,False,,,,,,,
1h,long only,0.5,3.0xATR,0.5,20.0,341,0.694,False,,,,,,,
1h,long only,0.5,3.0xATR,2.0,0.0,227,0.7,False,,,,,,,
1h,long only,0.5,3.0xATR,2.0,10.0,199,0.678,False,,,,,,,
1h,long only,0.5,3.0xATR,2.0,20.0,225,0.701,False,,,,,,,
1h,long only,0.5,3.0%,0.5,0.0,370,0.659,False,,,,,,,
1h,long only,0.5,3.0%,0.5,10.0,325,0.628,False,,,,,,,
1h,long only,0.5,3.0%,0.5,20.0,366,0.679,False,,,,,,,
1h,long only,0.5,3.0%,2.0,0.0,262,0.656,False,,,,,,,
1h,long only,0.5,3.0%,2.0,10.0,217,0.621,False,,,,,,,
1h,long only,0.5,3.0%,2.0,20.0,258,0.678,False,,,,,,,
1h,long only,0.5,5.0%,0.5,0.0,313,0.765,False,,,,,,,
1h,long only,0.5,5.0%,0.5,10.0,278,0.724,False,,,,,,,
1h,long only,0.5,5.0%,0.5,20.0,310,0.765,False,,,,,,,
1h,long only,0.5,5.0%,2.0,0.0,214,0.757,False,,,,,,,
1h,long only,0.5,5.0%,2.0,10.0,179,0.709,False,,,,,,,
1h,long only,0.5,5.0%,2.0,20.0,211,0.758,False,,,,,,,
1h,long only,0.75,1.0xATR,0.5,0.0,475,0.799,False,,,,,,,
1h,long only,0.75,1.0xATR,0.5,10.0,429,0.774,False,,,,,,,
1h,long only,0.75,1.0xATR,0.5,20.0,473,0.773,False,,,,,,,
1h,long only,0.75,1.0xATR,2.0,0.0,341,0.788,False,,,,,,,
1h,long only,0.75,1.0xATR,2.0,10.0,295,0.756,False,,,,,,,
1h,long only,0.75,1.0xATR,2.0,20.0,339,0.759,False,,,,,,,
1h,long only,0.75,2.0xATR,0.5,0.0,363,0.814,False,,,,,,,
1h,long only,0.75,2.0xATR,0.5,10.0,335,0.754,False,,,,,,,
1h,long only,0.75,2.0xATR,0.5,20.0,361,0.802,False,,,,,,,
1h,long only,0.75,2.0xATR,2.0,0.0,250,0.804,False,,,,,,,
1h,long only,0.75,2.0xATR,2.0,10.0,222,0.733,False,,,,,,,
1h,long only,0.75,2.0xATR,2.0,20.0,248,0.79,False,,,,,,,
1h,long only,0.75,3.0xATR,0.5,0.0,310,0.775,False,,,,,,,
1h,long only,0.75,3.0xATR,0.5,10.0,289,0.761,False,,,,,,,
1h,long only,0.75,3.0xATR,0.5,20.0,308,0.769,False,,,,,,,
1h,long only,0.75,3.0xATR,2.0,0.0,205,0.769,False,,,,,,,
1h,long only,0.75,3.0xATR,2.0,10.0,184,0.751,False,,,,,,,
1h,long only,0.75,3.0xATR,2.0,20.0,203,0.762,False,,,,,,,
1h,long only,0.75,3.0%,0.5,0.0,346,0.747,False,,,,,,,
1h,long only,0.75,3.0%,0.5,10.0,304,0.73,False,,,,,,,
1h,long only,0.75,3.0%,0.5,20.0,342,0.768,False,,,,,,,
1h,long only,0.75,3.0%,2.0,0.0,249,0.731,False,,,,,,,
1h,long only,0.75,3.0%,2.0,10.0,207,0.707,False,,,,,,,
1h,long only,0.75,3.0%,2.0,20.0,245,0.754,False,,,,,,,
1h,long only,0.75,5.0%,0.5,0.0,281,0.861,False,,,,,,,
1h,long only,0.75,5.0%,0.5,10.0,252,0.82,False,,,,,,,
1h,long only,0.75,5.0%,0.5,20.0,278,0.855,False,,,,,,,
1h,long only,0.75,5.0%,2.0,0.0,192,0.848,False,,,,,,,
1h,long only,0.75,5.0%,2.0,10.0,163,0.797,False,,,,,,,
1h,long only,0.75,5.0%,2.0,20.0,189,0.841,False,,,,,,,
1h,long only,1.0,1.0xATR,0.5,0.0,466,0.848,False,,,,,,,
1h,long only,1.0,1.0xATR,0.5,10.0,421,0.852,False,,,,,,,
1h,long only,1.0,1.0xATR,0.5,20.0,464,0.822,False,,,,,,,
1h,long only,1.0,1.0xATR,2.0,0.0,339,0.842,False,,,,,,,
1h,long only,1.0,1.0xATR,2.0,10.0,294,0.844,False,,,,,,,
1h,long only,1.0,1.0xATR,2.0,20.0,337,0.812,False,,,,,,,
1h,long only,1.0,2.0xATR,0.5,0.0,352,0.852,False,,,,,,,
1h,long only,1.0,2.0xATR,0.5,10.0,326,0.803,False,,,,,,,
1h,long only,1.0,2.0xATR,0.5,20.0,350,0.84,False,,,,,,,
1h,long only,1.0,2.0xATR,2.0,0.0,247,0.856,False,,,,,,,
1h,long only,1.0,2.0xATR,2.0,10.0,221,0.802,False,,,,,,,
1h,long only,1.0,2.0xATR,2.0,20.0,245,0.844,False,,,,,,,
1h,long only,1.0,3.0xATR,0.5,0.0,296,0.815,False,,,,,,,
1h,long only,1.0,3.0xATR,0.5,10.0,277,0.816,False,,,,,,,
1h,long only,1.0,3.0xATR,0.5,20.0,294,0.81,False,,,,,,,
1h,long only,1.0,3.0xATR,2.0,0.0,202,0.83,False,,,,,,,
1h,long only,1.0,3.0xATR,2.0,10.0,183,0.836,False,,,,,,,
1h,long only,1.0,3.0xATR,2.0,20.0,200,0.824,False,,,,,,,
1h,long only,1.0,3.0%,0.5,0.0,337,0.757,False,,,,,,,
1h,long only,1.0,3.0%,0.5,10.0,296,0.75,False,,,,,,,
1h,long only,1.0,3.0%,0.5,20.0,333,0.777,False,,,,,,,
1h,long only,1.0,3.0%,2.0,0.0,247,0.765,False,,,,,,,
1h,long only,1.0,3.0%,2.0,10.0,206,0.76,False,,,,,,,
1h,long only,1.0,3.0%,2.0,20.0,243,0.787,False,,,,,,,
1h,long only,1.0,5.0%,0.5,0.0,266,0.882,False,,,,,,,
1h,long only,1.0,5.0%,0.5,10.0,239,0.844,False,,,,,,,
1h,long only,1.0,5.0%,0.5,20.0,263,0.875,False,,,,,,,
1h,long only,1.0,5.0%,2.0,0.0,188,0.897,False,,,,,,,
1h,long only,1.0,5.0%,2.0,10.0,161,0.858,False,,,,,,,
1h,long only,1.0,5.0%,2.0,20.0,185,0.89,False,,,,,,,
1h,both,0.25,1.0xATR,0.5,0.0,1217,0.631,False,,,,,,,
1h,both,0.25,1.0xATR,0.5,10.0,1112,0.583,False,,,,,,,
1h,both,0.25,1.0xATR,0.5,20.0,1212,0.626,False,,,,,,,
1h,both,0.25,1.0xATR,2.0,0.0,894,0.643,False,,,,,,,
1h,both,0.25,1.0xATR,2.0,10.0,789,0.593,False,,,,,,,
1h,both,0.25,1.0xATR,2.0,20.0,889,0.638,False,,,,,,,
1h,both,0.25,2.0xATR,0.5,0.0,995,0.69,False,,,,,,,
1h,both,0.25,2.0xATR,0.5,10.0,922,0.591,False,,,,,,,
1h,both,0.25,2.0xATR,0.5,20.0,992,0.666,False,,,,,,,
1h,both,0.25,2.0xATR,2.0,0.0,693,0.713,False,,,,,,,
1h,both,0.25,2.0xATR,2.0,10.0,620,0.607,False,,,,,,,
1h,both,0.25,2.0xATR,2.0,20.0,690,0.687,False,,,,,,,
1h,both,0.25,3.0xATR,0.5,0.0,900,0.646,False,,,,,,,
1h,both,0.25,3.0xATR,0.5,10.0,837,0.574,False,,,,,,,
1h,both,0.25,3.0xATR,0.5,20.0,897,0.623,False,,,,,,,
1h,both,0.25,3.0xATR,2.0,0.0,614,0.672,False,,,,,,,
1h,both,0.25,3.0xATR,2.0,10.0,551,0.597,False,,,,,,,
1h,both,0.25,3.0xATR,2.0,20.0,611,0.646,False,,,,,,,
1h,both,0.25,3.0%,0.5,0.0,940,0.645,False,,,,,,,
1h,both,0.25,3.0%,0.5,10.0,853,0.586,False,,,,,,,
1h,both,0.25,3.0%,0.5,20.0,935,0.64,False,,,,,,,
1h,both,0.25,3.0%,2.0,0.0,670,0.651,False,,,,,,,
1h,both,0.25,3.0%,2.0,10.0,583,0.588,False,,,,,,,
1h,both,0.25,3.0%,2.0,20.0,665,0.646,False,,,,,,,
1h,both,0.25,5.0%,0.5,0.0,839,0.665,False,,,,,,,
1h,both,0.25,5.0%,0.5,10.0,766,0.578,False,,,,,,,
1h,both,0.25,5.0%,0.5,20.0,835,0.646,False,,,,,,,
1h,both,0.25,5.0%,2.0,0.0,580,0.667,False,,,,,,,
1h,both,0.25,5.0%,2.0,10.0,507,0.574,False,,,,,,,
1h,both,0.25,5.0%,2.0,20.0,576,0.647,False,,,,,,,
1h,both,0.5,1.0xATR,0.5,0.0,1165,0.652,False,,,,,,,
1h,both,0.5,1.0xATR,0.5,10.0,1066,0.601,False,,,,,,,
1h,both,0.5,1.0xATR,0.5,20.0,1163,0.644,False,,,,,,,
1h,both,0.5,1.0xATR,2.0,0.0,860,0.654,False,,,,,,,
1h,both,0.5,1.0xATR,2.0,10.0,761,0.597,False,,,,,,,
1h,both,0.5,1.0xATR,2.0,20.0,858,0.646,False,,,,,,,
1h,both,0.5,2.0xATR,0.5,0.0,885,0.705,False,,,,,,,
1h,both,0.5,2.0xATR,0.5,10.0,822,0.627,False,,,,,,,
1h,both,0.5,2.0xATR,0.5,20.0,883,0.703,False,,,,,,,
1h,both,0.5,2.0xATR,2.0,0.0,617,0.721,False,,,,,,,
1h,both,0.5,2.0xATR,2.0,10.0,554,0.635,False,,,,,,,
1h,both,0.5,2.0xATR,2.0,20.0,615,0.718,False,,,,,,,
1h,both,0.5,3.0xATR,0.5,0.0,777,0.66,False,,,,,,,
1h,both,0.5,3.0xATR,0.5,10.0,724,0.612,False,,,,,,,
1h,both,0.5,3.0xATR,0.5,20.0,775,0.66,False,,,,,,,
1h,both,0.5,3.0xATR,2.0,0.0,525,0.677,False,,,,,,,
1h,both,0.5,3.0xATR,2.0,10.0,472,0.626,False,,,,,,,
1h,both,0.5,3.0xATR,2.0,20.0,523,0.677,False,,,,,,,
1h,both,0.5,3.0%,0.5,0.0,828,0.637,False,,,,,,,
1h,both,0.5,3.0%,0.5,10.0,745,0.581,False,,,,,,,
1h,both,0.5,3.0%,0.5,20.0,824,0.645,False,,,,,,,
1h,both,0.5,3.0%,2.0,0.0,593,0.636,False,,,,,,,
1h,both,0.5,3.0%,2.0,10.0,510,0.574,False,,,,,,,
1h,both,0.5,3.0%,2.0,20.0,589,0.645,False,,,,,,,
1h,both,0.5,5.0%,0.5,0.0,704,0.651,False,,,,,,,
1h,both,0.5,5.0%,0.5,10.0,637,0.595,False,,,,,,,
1h,both,0.5,5.0%,0.5,20.0,701,0.65,False,,,,,,,
1h,both,0.5,5.0%,2.0,0.0,484,0.654,False,,,,,,,
1h,both,0.5,5.0%,2.0,10.0,417,0.591,False,,,,,,,
1h,both,0.5,5.0%,2.0,20.0,481,0.653,False,,,,,,,
1h,both,0.75,1.0xATR,0.5,0.0,1139,0.719,False,,,,,,,
1h,both,0.75,1.0xATR,0.5,10.0,1047,0.686,False,,,,,,,
1h,both,0.75,1.0xATR,0.5,20.0,1137,0.708,False,,,,,,,
1h,both,0.75,1.0xATR,2.0,0.0,845,0.724,False,,,,,,,
1h,both,0.75,1.0xATR,2.0,10.0,753,0.686,False,,,,,,,
1h,both,0.75,1.0xATR,2.0,20.0,843,0.711,False,,,,,,,
1h,both,0.75,2.0xATR,0.5,0.0,835,0.74,False,,,,,,,
1h,both,0.75,2.0xATR,0.5,10.0,779,0.696,False,,,,,,,
1h,both,0.75,2.0xATR,0.5,20.0,833,0.734,False,,,,,,,
1h,both,0.75,2.0xATR,2.0,0.0,589,0.751,False,,,,,,,
1h,both,0.75,2.0xATR,2.0,10.0,533,0.703,False,,,,,,,
1h,both,0.75,2.0xATR,2.0,20.0,587,0.745,False,,,,,,,
1h,both,0.75,3.0xATR,0.5,0.0,708,0.694,False,,,,,,,
1h,both,0.75,3.0xATR,0.5,10.0,666,0.675,False,,,,,,,
1h,both,0.75,3.0xATR,0.5,20.0,706,0.69,False,,,,,,,
1h,both,0.75,3.0xATR,2.0,0.0,483,0.708,False,,,,,,,
1h,both,0.75,3.0xATR,2.0,10.0,441,0.691,False,,,,,,,
1h,both,0.75,3.0xATR,2.0,20.0,481,0.705,False,,,,,,,
1h,both,0.75,3.0%,0.5,0.0,771,0.692,False,,,,,,,
1h,both,0.75,3.0%,0.5,10.0,693,0.665,False,,,,,,,
1h,both,0.75,3.0%,0.5,20.0,767,0.7,False,,,,,,,
1h,both,0.75,3.0%,2.0,0.0,561,0.697,False,,,,,,,
1h,both,0.75,3.0%,2.0,10.0,483,0.667,False,,,,,,,
1h,both,0.75,3.0%,2.0,20.0,557,0.706,False,,,,,,,
1h,both,0.75,5.0%,0.5,0.0,634,0.699,False,,,,,,,
1h,both,0.75,5.0%,0.5,10.0,576,0.668,False,,,,,,,
1h,both,0.75,5.0%,0.5,20.0,631,0.695,False,,,,,,,
1h,both,0.75,5.0%,2.0,0.0,441,0.707,False,,,,,,,
1h,both,0.75,5.0%,2.0,10.0,383,0.673,False,,,,,,,
1h,both,0.75,5.0%,2.0,20.0,438,0.702,False,,,,,,,
1h,both,1.0,1.0xATR,0.5,0.0,1114,0.702,False,,,,,,,
1h,both,1.0,1.0xATR,0.5,10.0,1024,0.675,False,,,,,,,
1h,both,1.0,1.0xATR,0.5,20.0,1112,0.691,False,,,,,,,
1h,both,1.0,1.0xATR,2.0,0.0,833,0.703,False,,,,,,,
1h,both,1.0,1.0xATR,2.0,10.0,743,0.672,False,,,,,,,
1h,both,1.0,1.0xATR,2.0,20.0,831,0.69,False,,,,,,,
1h,both,1.0,2.0xATR,0.5,0.0,799,0.715,False,,,,,,,
1h,both,1.0,2.0xATR,0.5,10.0,746,0.676,False,,,,,,,
1h,both,1.0,2.0xATR,0.5,20.0,797,0.709,False,,,,,,,
1h,both,1.0,2.0xATR,2.0,0.0,571,0.726,False,,,,,,,
1h,both,1.0,2.0xATR,2.0,10.0,518,0.683,False,,,,,,,
1h,both,1.0,2.0xATR,2.0,20.0,569,0.719,False,,,,,,,
1h,both,1.0,3.0xATR,0.5,0.0,662,0.678,False,,,,,,,
1h,both,1.0,3.0xATR,0.5,10.0,623,0.654,False,,,,,,,
1h,both,1.0,3.0xATR,0.5,20.0,660,0.674,False,,,,,,,
1h,both,1.0,3.0xATR,2.0,0.0,461,0.691,False,,,,,,,
1h,both,1.0,3.0xATR,2.0,10.0,422,0.667,False,,,,,,,
1h,both,1.0,3.0xATR,2.0,20.0,459,0.687,False,,,,,,,
1h,both,1.0,3.0%,0.5,0.0,730,0.668,False,,,,,,,
1h,both,1.0,3.0%,0.5,10.0,654,0.646,False,,,,,,,
1h,both,1.0,3.0%,0.5,20.0,726,0.676,False,,,,,,,
1h,both,1.0,3.0%,2.0,0.0,542,0.668,False,,,,,,,
1h,both,1.0,3.0%,2.0,10.0,466,0.643,False,,,,,,,
1h,both,1.0,3.0%,2.0,20.0,538,0.677,False,,,,,,,
1h,both,1.0,5.0%,0.5,0.0,586,0.68,False,,,,,,,
1h,both,1.0,5.0%,0.5,10.0,531,0.652,False,,,,,,,
1h,both,1.0,5.0%,0.5,20.0,583,0.675,False,,,,,,,
1h,both,1.0,5.0%,2.0,0.0,417,0.691,False,,,,,,,
1h,both,1.0,5.0%,2.0,10.0,362,0.661,False,,,,,,,
1h,both,1.0,5.0%,2.0,20.0,414,0.686,False,,,,,,,
4h,long only,0.25,1.0xATR,0.5,0.0,134,1.035,True,0.738,160.0,0.02,146.0,0.859,4.8,-7.47
4h,long only,0.25,1.0xATR,0.5,10.0,86,0.798,False,,,,,,,
4h,long only,0.25,1.0xATR,0.5,20.0,122,1.013,True,0.903,155.0,0.016,139.0,0.936,2.5,-5.67
4h,long only,0.25,1.0xATR,2.0,0.0,102,1.084,True,0.768,117.0,0.033,109.0,0.898,5.0,-7.47
4h,long only,0.25,1.0xATR,2.0,10.0,54,0.91,False,,,,,,,
4h,long only,0.25,1.0xATR,2.0,20.0,90,1.081,True,0.958,112.0,0.027,102.0,0.996,2.6,-5.67
4h,long only,0.25,2.0xATR,0.5,0.0,114,0.842,False,,,,,,,
4h,long only,0.25,2.0xATR,0.5,10.0,77,0.675,False,,,,,,,
4h,long only,0.25,2.0xATR,0.5,20.0,106,0.867,False,,,,,,,
4h,long only,0.25,2.0xATR,2.0,0.0,87,0.862,False,,,,,,,
4h,long only,0.25,2.0xATR,2.0,10.0,50,0.714,False,,,,,,,
4h,long only,0.25,2.0xATR,2.0,20.0,79,0.894,False,,,,,,,
4h,long only,0.25,3.0xATR,0.5,0.0,105,0.747,False,,,,,,,
4h,long only,0.25,3.0xATR,0.5,10.0,74,0.55,False,,,,,,,
4h,long only,0.25,3.0xATR,0.5,20.0,98,0.777,False,,,,,,,
4h,long only,0.25,3.0xATR,2.0,0.0,78,0.773,False,,,,,,,
4h,long only,0.25,3.0xATR,2.0,10.0,47,0.592,False,,,,,,,
4h,long only,0.25,3.0xATR,2.0,20.0,71,0.814,False,,,,,,,
4h,long only,0.25,3.0%,0.5,0.0,125,0.905,False,,,,,,,
4h,long only,0.25,3.0%,0.5,10.0,78,0.688,False,,,,,,,
4h,long only,0.25,3.0%,0.5,20.0,111,0.88,False,,,,,,,
4h,long only,0.25,3.0%,2.0,0.0,98,0.942,False,,,,,,,
4h,long only,0.25,3.0%,2.0,10.0,51,0.757,False,,,,,,,
4h,long only,0.25,3.0%,2.0,20.0,84,0.928,False,,,,,,,
4h,long only,0.25,5.0%,0.5,0.0,115,0.893,False,,,,,,,
4h,long only,0.25,5.0%,0.5,10.0,73,0.602,False,,,,,,,
4h,long only,0.25,5.0%,0.5,20.0,103,0.849,False,,,,,,,
4h,long only,0.25,5.0%,2.0,0.0,89,0.919,False,,,,,,,
4h,long only,0.25,5.0%,2.0,10.0,47,0.64,False,,,,,,,
4h,long only,0.25,5.0%,2.0,20.0,77,0.882,False,,,,,,,
4h,long only,0.5,1.0xATR,0.5,0.0,120,0.954,False,,,,,,,
4h,long only,0.5,1.0xATR,0.5,10.0,81,1.012,True,1.038,132.0,0.007,118.0,0.994,3.3,-3.66
4h,long only,0.5,1.0xATR,0.5,20.0,110,0.888,False,,,,,,,
4h,long only,0.5,1.0xATR,2.0,0.0,92,0.978,False,,,,,,,
4h,long only,0.5,1.0xATR,2.0,10.0,53,1.095,True,1.127,91.0,0.012,81.0,1.074,3.6,-3.66
4h,long only,0.5,1.0xATR,2.0,20.0,82,0.916,False,,,,,,,
4h,long only,0.5,2.0xATR,0.5,0.0,98,0.826,False,,,,,,,
4h,long only,0.5,2.0xATR,0.5,10.0,71,0.867,False,,,,,,,
4h,long only,0.5,2.0xATR,0.5,20.0,91,0.764,False,,,,,,,
4h,long only,0.5,2.0xATR,2.0,0.0,75,0.825,False,,,,,,,
4h,long only,0.5,2.0xATR,2.0,10.0,48,0.87,False,,,,,,,
4h,long only,0.5,2.0xATR,2.0,20.0,68,0.761,False,,,,,,,
4h,long only,0.5,3.0xATR,0.5,0.0,88,0.761,False,,,,,,,
4h,long only,0.5,3.0xATR,0.5,10.0,68,0.668,False,,,,,,,
4h,long only,0.5,3.0xATR,0.5,20.0,82,0.715,False,,,,,,,
4h,long only,0.5,3.0xATR,2.0,0.0,65,0.768,False,,,,,,,
4h,long only,0.5,3.0xATR,2.0,10.0,45,0.675,False,,,,,,,
4h,long only,0.5,3.0xATR,2.0,20.0,59,0.722,False,,,,,,,
4h,long only,0.5,3.0%,0.5,0.0,115,0.906,False,,,,,,,
4h,long only,0.5,3.0%,0.5,10.0,73,0.878,False,,,,,,,
4h,long only,0.5,3.0%,0.5,20.0,101,0.83,False,,,,,,,
4h,long only,0.5,3.0%,2.0,0.0,92,0.917,False,,,,,,,
4h,long only,0.5,3.0%,2.0,10.0,50,0.902,False,,,,,,,
4h,long only,0.5,3.0%,2.0,20.0,78,0.84,False,,,,,,,
4h,long only,0.5,5.0%,0.5,0.0,97,0.882,False,,,,,,,
4h,long only,0.5,5.0%,0.5,10.0,67,0.724,False,,,,,,,
4h,long only,0.5,5.0%,0.5,20.0,86,0.864,False,,,,,,,
4h,long only,0.5,5.0%,2.0,0.0,75,0.887,False,,,,,,,
4h,long only,0.5,5.0%,2.0,10.0,45,0.725,False,,,,,,,
4h,long only,0.5,5.0%,2.0,20.0,64,0.871,False,,,,,,,
4h,long only,0.75,1.0xATR,0.5,0.0,115,0.902,False,,,,,,,
4h,long only,0.75,1.0xATR,0.5,10.0,80,0.787,False,,,,,,,
4h,long only,0.75,1.0xATR,0.5,20.0,107,0.812,False,,,,,,,
4h,long only,0.75,1.0xATR,2.0,0.0,88,0.926,False,,,,,,,
4h,long only,0.75,1.0xATR,2.0,10.0,53,0.825,False,,,,,,,
4h,long only,0.75,1.0xATR,2.0,20.0,80,0.834,False,,,,,,,
4h,long only,0.75,2.0xATR,0.5,0.0,93,0.737,False,,,,,,,
4h,long only,0.75,2.0xATR,0.5,10.0,69,0.654,False,,,,,,,
4h,long only,0.75,2.0xATR,0.5,20.0,87,0.689,False,,,,,,,
4h,long only,0.75,2.0xATR,2.0,0.0,71,0.734,False,,,,,,,
4h,long only,0.75,2.0xATR,2.0,10.0,47,0.641,False,,,,,,,
4h,long only,0.75,2.0xATR,2.0,20.0,65,0.683,False,,,,,,,
4h,long only,0.75,3.0xATR,0.5,0.0,79,0.735,False,,,,,,,
4h,long only,0.75,3.0xATR,0.5,10.0,63,0.621,False,,,,,,,
4h,long only,0.75,3.0xATR,0.5,20.0,74,0.71,False,,,,,,,
4h,long only,0.75,3.0xATR,2.0,0.0,59,0.732,False,,,,,,,
4h,long only,0.75,3.0xATR,2.0,10.0,43,0.606,False,,,,,,,
4h,long only,0.75,3.0xATR,2.0,20.0,54,0.704,False,,,,,,,
4h,long only,0.75,3.0%,0.5,0.0,110,0.808,False,,,,,,,
4h,long only,0.75,3.0%,0.5,10.0,70,0.752,False,,,,,,,
4h,long only,0.75,3.0%,0.5,20.0,96,0.8,False,,,,,,,
4h,long only,0.75,3.0%,2.0,0.0,89,0.803,False,,,,,,,
4h,long only,0.75,3.0%,2.0,10.0,49,0.738,False,,,,,,,
4h,long only,0.75,3.0%,2.0,20.0,75,0.794,False,,,,,,,
4h,long only,0.75,5.0%,0.5,0.0,90,0.775,False,,,,,,,
4h,long only,0.75,5.0%,0.5,10.0,64,0.589,False,,,,,,,
4h,long only,0.75,5.0%,0.5,20.0,80,0.756,False,,,,,,,
4h,long only,0.75,5.0%,2.0,0.0,70,0.768,False,,,,,,,
4h,long only,0.75,5.0%,2.0,10.0,44,0.566,False,,,,,,,
4h,long only,0.75,5.0%,2.0,20.0,60,0.746,False,,,,,,,
4h,long only,1.0,1.0xATR,0.5,0.0,113,1.134,True,0.801,150.0,0.046,138.0,0.903,7.5,-7.47
4h,long only,1.0,1.0xATR,0.5,10.0,78,0.973,False,,,,,,,
4h,long only,1.0,1.0xATR,0.5,20.0,105,1.019,True,0.904,145.0,0.03,131.0,0.926,3.8,-5.67
4h,long only,1.0,1.0xATR,2.0,0.0,88,1.182,True,0.816,111.0,0.074,101.0,0.933,7.9,-7.47
4h,long only,1.0,1.0xATR,2.0,10.0,53,1.056,True,1.04,89.0,0.016,81.0,0.998,4.7,-4.73
4h,long only,1.0,1.0xATR,2.0,20.0,80,1.069,True,0.936,106.0,0.05,94.0,0.964,4.1,-5.67
4h,long only,1.0,2.0xATR,0.5,0.0,89,0.924,False,,,,,,,
4h,long only,1.0,2.0xATR,0.5,10.0,65,0.799,False,,,,,,,
4h,long only,1.0,2.0xATR,0.5,20.0,83,0.864,False,,,,,,,
4h,long only,1.0,2.0xATR,2.0,0.0,71,0.933,False,,,,,,,
4h,long only,1.0,2.0xATR,2.0,10.0,47,0.809,False,,,,,,,
4h,long only,1.0,2.0xATR,2.0,20.0,65,0.873,False,,,,,,,
4h,long only,1.0,3.0xATR,0.5,0.0,75,0.915,False,,,,,,,
4h,long only,1.0,3.0xATR,0.5,10.0,59,0.751,False,,,,,,,
4h,long only,1.0,3.0xATR,0.5,20.0,70,0.881,False,,,,,,,
4h,long only,1.0,3.0xATR,2.0,0.0,59,0.924,False,,,,,,,
4h,long only,1.0,3.0xATR,2.0,10.0,43,0.756,False,,,,,,,
4h,long only,1.0,3.0xATR,2.0,20.0,54,0.89,False,,,,,,,
4h,long only,1.0,3.0%,0.5,0.0,106,1.012,True,0.733,118.0,0.035,122.0,0.81,7.6,-3.18
4h,long only,1.0,3.0%,0.5,10.0,66,0.914,False,,,,,,,
4h,long only,1.0,3.0%,0.5,20.0,92,0.999,False,,,,,,,
4h,long only,1.0,3.0%,2.0,0.0,89,1.02,True,0.762,86.0,0.055,88.0,0.829,8.0,-3.18
4h,long only,1.0,3.0%,2.0,10.0,49,0.924,False,,,,,,,
4h,long only,1.0,3.0%,2.0,20.0,75,1.009,True,0.845,81.0,0.061,81.0,0.883,4.9,-3.18
4h,long only,1.0,5.0%,0.5,0.0,86,0.959,False,,,,,,,
4h,long only,1.0,5.0%,0.5,10.0,60,0.704,False,,,,,,,
4h,long only,1.0,5.0%,0.5,20.0,76,0.931,False,,,,,,,
4h,long only,1.0,5.0%,2.0,0.0,70,0.963,False,,,,,,,
4h,long only,1.0,5.0%,2.0,10.0,44,0.699,False,,,,,,,
4h,long only,1.0,5.0%,2.0,20.0,60,0.935,False,,,,,,,
4h,both,0.25,1.0xATR,0.5,0.0,282,0.993,False,,,,,,,
4h,both,0.25,1.0xATR,0.5,10.0,170,0.857,False,,,,,,,
4h,both,0.25,1.0xATR,0.5,20.0,260,0.949,False,,,,,,,
4h,both,0.25,1.0xATR,2.0,0.0,238,1.025,True,0.704,240.0,0.039,230.0,0.873,2.3,-7.77
4h,both,0.25,1.0xATR,2.0,10.0,126,0.944,False,,,,,,,
4h,both,0.25,1.0xATR,2.0,20.0,216,0.988,False,,,,,,,
4h,both,0.25,2.0xATR,0.5,0.0,241,0.952,False,,,,,,,
4h,both,0.25,2.0xATR,0.5,10.0,153,0.902,False,,,,,,,
4h,both,0.25,2.0xATR,0.5,20.0,225,0.836,False,,,,,,,
4h,both,0.25,2.0xATR,2.0,0.0,203,0.97,False,,,,,,,
4h,both,0.25,2.0xATR,2.0,10.0,115,0.96,False,,,,,,,
4h,both,0.25,2.0xATR,2.0,20.0,187,0.854,False,,,,,,,
4h,both,0.25,3.0xATR,0.5,0.0,222,0.896,False,,,,,,,
4h,both,0.25,3.0xATR,0.5,10.0,145,0.928,False,,,,,,,
4h,both,0.25,3.0xATR,0.5,20.0,207,0.802,False,,,,,,,
4h,both,0.25,3.0xATR,2.0,0.0,184,0.922,False,,,,,,,
4h,both,0.25,3.0xATR,2.0,10.0,107,1.025,True,1.173,151.0,0.021,134.0,1.092,1.1,-10.78
4h,both,0.25,3.0xATR,2.0,20.0,169,0.829,False,,,,,,,
4h,both,0.25,3.0%,0.5,0.0,265,0.972,False,,,,,,,
4h,both,0.25,3.0%,0.5,10.0,155,0.901,False,,,,,,,
4h,both,0.25,3.0%,0.5,20.0,239,0.915,False,,,,,,,
4h,both,0.25,3.0%,2.0,0.0,227,1.003,True,0.725,200.0,0.036,202.0,0.864,2.3,-3.27
4h,both,0.25,3.0%,2.0,10.0,117,0.992,False,,,,,,,
4h,both,0.25,3.0%,2.0,20.0,201,0.951,False,,,,,,,
4h,both,0.25,5.0%,0.5,0.0,241,0.938,False,,,,,,,
4h,both,0.25,5.0%,0.5,10.0,144,0.932,False,,,,,,,
4h,both,0.25,5.0%,0.5,20.0,219,0.878,False,,,,,,,
4h,both,0.25,5.0%,2.0,0.0,204,0.969,False,,,,,,,
4h,both,0.25,5.0%,2.0,10.0,107,1.041,True,1.069,145.0,0.021,136.0,1.045,1.1,-5.16
4h,both,0.25,5.0%,2.0,20.0,182,0.914,False,,,,,,,
4h,both,0.5,1.0xATR,0.5,0.0,258,1.019,True,0.671,308.0,0.036,301.0,0.836,3.6,-7.77
4h,both,0.5,1.0xATR,0.5,10.0,160,1.01,True,0.866,263.0,0.013,250.0,0.91,1.6,-3.77
4h,both,0.5,1.0xATR,0.5,20.0,241,0.933,False,,,,,,,
4h,both,0.5,1.0xATR,2.0,0.0,218,1.04,True,0.682,238.0,0.057,219.0,0.856,3.7,-7.77
4h,both,0.5,1.0xATR,2.0,10.0,120,1.07,True,0.913,193.0,0.023,168.0,0.961,1.7,-3.77
4h,both,0.5,1.0xATR,2.0,20.0,201,0.954,False,,,,,,,
4h,both,0.5,2.0xATR,0.5,0.0,210,0.952,False,,,,,,,
4h,both,0.5,2.0xATR,0.5,10.0,137,0.991,False,,,,,,,
4h,both,0.5,2.0xATR,0.5,20.0,198,0.81,False,,,,,,,
4h,both,0.5,2.0xATR,2.0,0.0,176,0.958,False,,,,,,,
4h,both,0.5,2.0xATR,2.0,10.0,103,1.01,True,1.065,155.0,0.031,133.0,1.025,1.5,-7.43
4h,both,0.5,2.0xATR,2.0,20.0,164,0.813,False,,,,,,,
4h,both,0.5,3.0xATR,0.5,0.0,184,0.908,False,,,,,,,
4h,both,0.5,3.0xATR,0.5,10.0,125,0.947,False,,,,,,,
4h,both,0.5,3.0xATR,0.5,20.0,173,0.782,False,,,,,,,
4h,both,0.5,3.0xATR,2.0,0.0,150,0.92,False,,,,,,,
4h,both,0.5,3.0xATR,2.0,10.0,91,0.987,False,,,,,,,
4h,both,0.5,3.0xATR,2.0,20.0,139,0.792,False,,,,,,,
4h,both,0.5,3.0%,0.5,0.0,246,1.02,True,0.678,249.0,0.03,259.0,0.834,3.4,-3.31
4h,both,0.5,3.0%,0.5,10.0,143,1.009,True,0.874,216.0,0.015,204.0,0.914,1.4,-3.18
4h,both,0.5,3.0%,0.5,20.0,221,0.937,False,,,,,,,
4h,both,0.5,3.0%,2.0,0.0,212,1.035,True,0.731,186.0,0.048,192.0,0.873,3.5,-3.31
4h,both,0.5,3.0%,2.0,10.0,109,1.051,True,0.999,153.0,0.027,137.0,1.006,1.5,-3.18
4h,both,0.5,3.0%,2.0,20.0,187,0.953,False,,,,,,,
4h,both,0.5,5.0%,0.5,0.0,208,0.939,False,,,,,,,
4h,both,0.5,5.0%,0.5,10.0,126,0.959,False,,,,,,,
4h,both,0.5,5.0%,0.5,20.0,189,0.87,False,,,,,,,
4h,both,0.5,5.0%,2.0,0.0,175,0.954,False,,,,,,,
4h,both,0.5,5.0%,2.0,10.0,93,1.006,True,1.066,128.0,0.03,127.0,1.023,1.5,-5.18
4h,both,0.5,5.0%,2.0,20.0,156,0.885,False,,,,,,,
4h,both,0.75,1.0xATR,0.5,0.0,250,0.924,False,,,,,,,
4h,both,0.75,1.0xATR,0.5,10.0,157,0.844,False,,,,,,,
4h,both,0.75,1.0xATR,0.5,20.0,235,0.956,False,,,,,,,
4h,both,0.75,1.0xATR,2.0,0.0,211,0.941,False,,,,,,,
4h,both,0.75,1.0xATR,2.0,10.0,118,0.879,False,,,,,,,
4h,both,0.75,1.0xATR,2.0,20.0,196,0.977,False,,,,,,,
4h,both,0.75,2.0xATR,0.5,0.0,197,0.809,False,,,,,,,
4h,both,0.75,2.0xATR,0.5,10.0,131,0.765,False,,,,,,,
4h,both,0.75,2.0xATR,0.5,20.0,188,0.764,False,,,,,,,
4h,both,0.75,2.0xATR,2.0,0.0,165,0.81,False,,,,,,,
4h,both,0.75,2.0xATR,2.0,10.0,99,0.765,False,,,,,,,
4h,both,0.75,2.0xATR,2.0,20.0,156,0.764,False,,,,,,,
4h,both,0.75,3.0xATR,0.5,0.0,166,0.789,False,,,,,,,
4h,both,0.75,3.0xATR,0.5,10.0,116,0.783,False,,,,,,,
4h,both,0.75,3.0xATR,0.5,20.0,159,0.738,False,,,,,,,
4h,both,0.75,3.0xATR,2.0,0.0,136,0.791,False,,,,,,,
4h,both,0.75,3.0xATR,2.0,10.0,86,0.788,False,,,,,,,
4h,both,0.75,3.0xATR,2.0,20.0,129,0.738,False,,,,,,,
4h,both,0.75,3.0%,0.5,0.0,237,0.881,False,,,,,,,
4h,both,0.75,3.0%,0.5,10.0,137,0.796,False,,,,,,,
4h,both,0.75,3.0%,0.5,20.0,212,0.927,False,,,,,,,
4h,both,0.75,3.0%,2.0,0.0,206,0.884,False,,,,,,,
4h,both,0.75,3.0%,2.0,10.0,106,0.799,False,,,,,,,
4h,both,0.75,3.0%,2.0,20.0,181,0.933,False,,,,,,,
4h,both,0.75,5.0%,0.5,0.0,195,0.806,False,,,,,,,
4h,both,0.75,5.0%,0.5,10.0,119,0.768,False,,,,,,,
4h,both,0.75,5.0%,0.5,20.0,178,0.829,False,,,,,,,
4h,both,0.75,5.0%,2.0,0.0,165,0.81,False,,,,,,,
4h,both,0.75,5.0%,2.0,10.0,89,0.776,False,,,,,,,
4h,both,0.75,5.0%,2.0,20.0,148,0.835,False,,,,,,,
4h,both,1.0,1.0xATR,0.5,0.0,239,0.996,False,,,,,,,
4h,both,1.0,1.0xATR,0.5,10.0,154,0.961,False,,,,,,,
4h,both,1.0,1.0xATR,0.5,20.0,224,1.001,True,0.745,293.0,0.024,272.0,0.855,2.8,-6.59
4h,both,1.0,1.0xATR,2.0,0.0,202,1.017,True,0.704,231.0,0.086,210.0,0.849,4.1,-7.88
4h,both,1.0,1.0xATR,2.0,10.0,117,1.009,True,0.909,189.0,0.022,162.0,0.93,2.4,-4.73
4h,both,1.0,1.0xATR,2.0,20.0,187,1.027,True,0.751,226.0,0.038,192.0,0.875,3.0,-6.59
4h,both,1.0,2.0xATR,0.5,0.0,190,0.858,False,,,,,,,
4h,both,1.0,2.0xATR,0.5,10.0,126,0.853,False,,,,,,,
4h,both,1.0,2.0xATR,0.5,20.0,181,0.784,False,,,,,,,
4h,both,1.0,2.0xATR,2.0,0.0,162,0.86,False,,,,,,,
4h,both,1.0,2.0xATR,2.0,10.0,98,0.859,False,,,,,,,
4h,both,1.0,2.0xATR,2.0,20.0,153,0.785,False,,,,,,,
4h,both,1.0,3.0xATR,0.5,0.0,156,0.873,False,,,,,,,
4h,both,1.0,3.0xATR,0.5,10.0,109,0.883,False,,,,,,,
4h,both,1.0,3.0xATR,0.5,20.0,149,0.794,False,,,,,,,
4h,both,1.0,3.0xATR,2.0,0.0,130,0.877,False,,,,,,,
4h,both,1.0,3.0xATR,2.0,10.0,83,0.894,False,,,,,,,
4h,both,1.0,3.0xATR,2.0,20.0,123,0.797,False,,,,,,,
4h,both,1.0,3.0%,0.5,0.0,226,0.942,False,,,,,,,
4h,both,1.0,3.0%,0.5,10.0,133,0.887,False,,,,,,,
4h,both,1.0,3.0%,0.5,20.0,201,0.969,False,,,,,,,
4h,both,1.0,3.0%,2.0,0.0,199,0.947,False,,,,,,,
4h,both,1.0,3.0%,2.0,10.0,106,0.895,False,,,,,,,
4h,both,1.0,3.0%,2.0,20.0,174,0.976,False,,,,,,,
4h,both,1.0,5.0%,0.5,0.0,184,0.871,False,,,,,,,
4h,both,1.0,5.0%,0.5,10.0,113,0.856,False,,,,,,,
4h,both,1.0,5.0%,0.5,20.0,167,0.877,False,,,,,,,
4h,both,1.0,5.0%,2.0,0.0,158,0.878,False,,,,,,,
4h,both,1.0,5.0%,2.0,10.0,87,0.871,False,,,,,,,
4h,both,1.0,5.0%,2.0,20.0,141,0.885,False,,,,,,,
1d,long only,0.25,1.0xATR,0.5,0.0,13,1.676,False,,,,,,,
1d,long only,0.25,1.0xATR,0.5,10.0,2,0.0,False,,,,,,,
1d,long only,0.25,1.0xATR,0.5,20.0,7,0.84,False,,,,,,,
1d,long only,0.25,1.0xATR,2.0,0.0,12,1.684,False,,,,,,,
1d,long only,0.25,1.0xATR,2.0,10.0,1,0.0,False,,,,,,,
1d,long only,0.25,1.0xATR,2.0,20.0,6,0.849,False,,,,,,,
1d,long only,0.25,2.0xATR,0.5,0.0,12,1.038,False,,,,,,,
1d,long only,0.25,2.0xATR,0.5,10.0,2,0.0,False,,,,,,,
1d,long only,0.25,2.0xATR,0.5,20.0,6,0.708,False,,,,,,,
1d,long only,0.25,2.0xATR,2.0,0.0,11,1.041,False,,,,,,,
1d,long only,0.25,2.0xATR,2.0,10.0,1,0.0,False,,,,,,,
1d,long only,0.25,2.0xATR,2.0,20.0,5,0.714,False,,,,,,,
1d,long only,0.25,3.0xATR,0.5,0.0,10,1.04,False,,,,,,,
1d,long only,0.25,3.0xATR,0.5,10.0,2,0.0,False,,,,,,,
1d,long only,0.25,3.0xATR,0.5,20.0,5,0.68,False,,,,,,,
1d,long only,0.25,3.0xATR,2.0,0.0,9,1.043,False,,,,,,,
1d,long only,0.25,3.0xATR,2.0,10.0,1,0.0,False,,,,,,,
1d,long only,0.25,3.0xATR,2.0,20.0,4,0.686,False,,,,,,,
1d,long only,0.25,3.0%,0.5,0.0,15,1.367,False,,,,,,,
1d,long only,0.25,3.0%,0.5,10.0,2,0.0,False,,,,,,,
1d,long only,0.25,3.0%,0.5,20.0,8,0.42,False,,,,,,,
1d,long only,0.25,3.0%,2.0,0.0,14,1.372,False,,,,,,,
1d,long only,0.25,3.0%,2.0,10.0,1,0.0,False,,,,,,,
1d,long only,0.25,3.0%,2.0,20.0,7,0.422,False,,,,,,,
1d,long only,0.25,5.0%,0.5,0.0,14,1.193,False,,,,,,,
1d,long only,0.25,5.0%,0.5,10.0,2,0.0,False,,,,,,,
1d,long only,0.25,5.0%,0.5,20.0,8,0.451,False,,,,,,,
1d,long only,0.25,5.0%,2.0,0.0,13,1.197,False,,,,,,,
1d,long only,0.25,5.0%,2.0,10.0,1,0.0,False,,,,,,,
1d,long only,0.25,5.0%,2.0,20.0,7,0.453,False,,,,,,,
1d,long only,0.5,1.0xATR,0.5,0.0,13,2.286,False,,,,,,,
1d,long only,0.5,1.0xATR,0.5,10.0,2,0.0,False,,,,,,,
1d,long only,0.5,1.0xATR,0.5,20.0,7,0.775,False,,,,,,,
1d,long only,0.5,1.0xATR,2.0,0.0,12,2.295,False,,,,,,,
1d,long only,0.5,1.0xATR,2.0,10.0,1,0.0,False,,,,,,,
1d,long only,0.5,1.0xATR,2.0,20.0,6,0.78,False,,,,,,,
1d,long only,0.5,2.0xATR,0.5,0.0,12,1.361,False,,,,,,,
1d,long only,0.5,2.0xATR,0.5,10.0,2,0.0,False,,,,,,,
1d,long only,0.5,2.0xATR,0.5,20.0,6,0.536,False,,,,,,,
1d,long only,0.5,2.0xATR,2.0,0.0,11,1.364,False,,,,,,,
1d,long only,0.5,2.0xATR,2.0,10.0,1,0.0,False,,,,,,,
1d,long only,0.5,2.0xATR,2.0,20.0,5,0.539,False,,,,,,,
1d,long only,0.5,3.0xATR,0.5,0.0,10,1.266,False,,,,,,,
1d,long only,0.5,3.0xATR,0.5,10.0,2,0.0,False,,,,,,,
1d,long only,0.5,3.0xATR,0.5,20.0,5,0.431,False,,,,,,,
1d,long only,0.5,3.0xATR,2.0,0.0,9,1.269,False,,,,,,,
1d,long only,0.5,3.0xATR,2.0,10.0,1,0.0,False,,,,,,,
1d,long only,0.5,3.0xATR,2.0,20.0,4,0.433,False,,,,,,,
1d,long only,0.5,3.0%,0.5,0.0,15,2.473,False,,,,,,,
1d,long only,0.5,3.0%,0.5,10.0,2,0.0,False,,,,,,,
1d,long only,0.5,3.0%,0.5,20.0,8,0.85,False,,,,,,,
1d,long only,0.5,3.0%,2.0,0.0,14,2.482,False,,,,,,,
1d,long only,0.5,3.0%,2.0,10.0,1,0.0,False,,,,,,,
1d,long only,0.5,3.0%,2.0,20.0,7,0.855,False,,,,,,,
1d,long only,0.5,5.0%,0.5,0.0,14,1.716,False,,,,,,,
1d,long only,0.5,5.0%,0.5,10.0,2,0.0,False,,,,,,,
1d,long only,0.5,5.0%,0.5,20.0,8,0.52,False,,,,,,,
1d,long only,0.5,5.0%,2.0,0.0,13,1.72,False,,,,,,,
1d,long only,0.5,5.0%,2.0,10.0,1,0.0,False,,,,,,,
1d,long only,0.5,5.0%,2.0,20.0,7,0.522,False,,,,,,,
1d,long only,0.75,1.0xATR,0.5,0.0,13,3.389,False,,,,,,,
1d,long only,0.75,1.0xATR,0.5,10.0,2,0.0,False,,,,,,,
1d,long only,0.75,1.0xATR,0.5,20.0,7,1.159,False,,,,,,,
1d,long only,0.75,1.0xATR,2.0,0.0,12,3.402,False,,,,,,,
1d,long only,0.75,1.0xATR,2.0,10.0,1,0.0,False,,,,,,,
1d,long only,0.75,1.0xATR,2.0,20.0,6,1.167,False,,,,,,,
1d,long only,0.75,2.0xATR,0.5,0.0,12,2.018,False,,,,,,,
1d,long only,0.75,2.0xATR,0.5,10.0,2,0.0,False,,,,,,,
1d,long only,0.75,2.0xATR,0.5,20.0,6,0.803,False,,,,,,,
1d,long only,0.75,2.0xATR,2.0,0.0,11,2.022,False,,,,,,,
1d,long only,0.75,2.0xATR,2.0,10.0,1,0.0,False,,,,,,,
1d,long only,0.75,2.0xATR,2.0,20.0,5,0.806,False,,,,,,,
1d,long only,0.75,3.0xATR,0.5,0.0,10,1.88,False,,,,,,,
1d,long only,0.75,3.0xATR,0.5,10.0,2,0.0,False,,,,,,,
1d,long only,0.75,3.0xATR,0.5,20.0,5,0.646,False,,,,,,,
1d,long only,0.75,3.0xATR,2.0,0.0,9,1.884,False,,,,,,,
1d,long only,0.75,3.0xATR,2.0,10.0,1,0.0,False,,,,,,,
1d,long only,0.75,3.0xATR,2.0,20.0,4,0.648,False,,,,,,,
1d,long only,0.75,3.0%,0.5,0.0,15,3.673,False,,,,,,,
1d,long only,0.75,3.0%,0.5,10.0,2,0.0,False,,,,,,,
1d,long only,0.75,3.0%,0.5,20.0,8,1.281,False,,,,,,,
1d,long only,0.75,3.0%,2.0,0.0,14,3.687,False,,,,,,,
1d,long only,0.75,3.0%,2.0,10.0,1,0.0,False,,,,,,,
1d,long only,0.75,3.0%,2.0,20.0,7,1.289,False,,,,,,,
1d,long only,0.75,5.0%,0.5,0.0,14,2.549,False,,,,,,,
1d,long only,0.75,5.0%,0.5,10.0,2,0.0,False,,,,,,,
1d,long only,0.75,5.0%,0.5,20.0,8,0.784,False,,,,,,,
1d,long only,0.75,5.0%,2.0,0.0,13,2.555,False,,,,,,,
1d,long only,0.75,5.0%,2.0,10.0,1,0.0,False,,,,,,,
1d,long only,0.75,5.0%,2.0,20.0,7,0.787,False,,,,,,,
1d,long only,1.0,1.0xATR,0.5,0.0,13,2.41,False,,,,,,,
1d,long only,1.0,1.0xATR,0.5,10.0,2,0.0,False,,,,,,,
1d,long only,1.0,1.0xATR,0.5,20.0,7,0.583,False,,,,,,,
1d,long only,1.0,1.0xATR,2.0,0.0,12,2.416,False,,,,,,,
1d,long only,1.0,1.0xATR,2.0,10.0,1,0.0,False,,,,,,,
1d,long only,1.0,1.0xATR,2.0,20.0,6,0.586,False,,,,,,,
1d,long only,1.0,2.0xATR,0.5,0.0,11,1.638,False,,,,,,,
1d,long only,1.0,2.0xATR,0.5,10.0,2,0.0,False,,,,,,,
1d,long only,1.0,2.0xATR,0.5,20.0,6,0.364,False,,,,,,,
1d,long only,1.0,2.0xATR,2.0,0.0,10,1.641,False,,,,,,,
1d,long only,1.0,2.0xATR,2.0,10.0,1,0.0,False,,,,,,,
1d,long only,1.0,2.0xATR,2.0,20.0,5,0.365,False,,,,,,,
1d,long only,1.0,3.0xATR,0.5,0.0,9,1.331,False,,,,,,,
1d,long only,1.0,3.0xATR,0.5,10.0,2,0.0,False,,,,,,,
1d,long only,1.0,3.0xATR,0.5,20.0,5,0.273,False,,,,,,,
1d,long only,1.0,3.0xATR,2.0,0.0,8,1.334,False,,,,,,,
1d,long only,1.0,3.0xATR,2.0,10.0,1,0.0,False,,,,,,,
1d,long only,1.0,3.0xATR,2.0,20.0,4,0.274,False,,,,,,,
1d,long only,1.0,3.0%,0.5,0.0,15,2.964,False,,,,,,,
1d,long only,1.0,3.0%,0.5,10.0,2,0.0,False,,,,,,,
1d,long only,1.0,3.0%,0.5,20.0,8,0.858,False,,,,,,,
1d,long only,1.0,3.0%,2.0,0.0,14,2.973,False,,,,,,,
1d,long only,1.0,3.0%,2.0,10.0,1,0.0,False,,,,,,,
1d,long only,1.0,3.0%,2.0,20.0,7,0.862,False,,,,,,,
1d,long only,1.0,5.0%,0.5,0.0,14,1.995,False,,,,,,,
1d,long only,1.0,5.0%,0.5,10.0,2,0.0,False,,,,,,,
1d,long only,1.0,5.0%,0.5,20.0,8,0.524,False,,,,,,,
1d,long only,1.0,5.0%,2.0,0.0,13,1.999,False,,,,,,,
1d,long only,1.0,5.0%,2.0,10.0,1,0.0,False,,,,,,,
1d,long only,1.0,5.0%,2.0,20.0,7,0.526,False,,,,,,,
1d,both,0.25,1.0xATR,0.5,0.0,36,2.195,False,,,,,,,
1d,both,0.25,1.0xATR,0.5,10.0,4,0.0,False,,,,,,,
1d,both,0.25,1.0xATR,0.5,20.0,15,1.428,False,,,,,,,
1d,both,0.25,1.0xATR,2.0,0.0,34,2.2,False,,,,,,,
1d,both,0.25,1.0xATR,2.0,10.0,2,0.0,False,,,,,,,
1d,both,0.25,1.0xATR,2.0,20.0,13,1.441,False,,,,,,,
1d,both,0.25,2.0xATR,0.5,0.0,33,1.863,False,,,,,,,
1d,both,0.25,2.0xATR,0.5,10.0,4,0.0,False,,,,,,,
1d,both,0.25,2.0xATR,0.5,20.0,13,1.748,False,,,,,,,
1d,both,0.25,2.0xATR,2.0,0.0,31,1.866,False,,,,,,,
1d,both,0.25,2.0xATR,2.0,10.0,2,0.0,False,,,,,,,
1d,both,0.25,2.0xATR,2.0,20.0,11,1.766,False,,,,,,,
1d,both,0.25,3.0xATR,0.5,0.0,28,2.094,False,,,,,,,
1d,both,0.25,3.0xATR,0.5,10.0,4,0.0,False,,,,,,,
1d,both,0.25,3.0xATR,0.5,20.0,12,1.681,False,,,,,,,
1d,both,0.25,3.0xATR,2.0,0.0,26,2.099,False,,,,,,,
1d,both,0.25,3.0xATR,2.0,10.0,2,0.0,False,,,,,,,
1d,both,0.25,3.0xATR,2.0,20.0,10,1.698,False,,,,,,,
1d,both,0.25,3.0%,0.5,0.0,41,1.644,True,1.448,54.0,0.186,37.0,1.464,5.3,-3.18
1d,both,0.25,3.0%,0.5,10.0,4,0.0,False,,,,,,,
1d,both,0.25,3.0%,0.5,20.0,16,0.739,False,,,,,,,
1d,both,0.25,3.0%,2.0,0.0,39,1.647,False,,,,,,,
1d,both,0.25,3.0%,2.0,10.0,2,0.0,False,,,,,,,
1d,both,0.25,3.0%,2.0,20.0,14,0.743,False,,,,,,,
1d,both,0.25,5.0%,0.5,0.0,38,1.871,False,,,,,,,
1d,both,0.25,5.0%,0.5,10.0,4,0.0,False,,,,,,,
1d,both,0.25,5.0%,0.5,20.0,16,0.834,False,,,,,,,
1d,both,0.25,5.0%,2.0,0.0,36,1.874,False,,,,,,,
1d,both,0.25,5.0%,2.0,10.0,2,0.0,False,,,,,,,
1d,both,0.25,5.0%,2.0,20.0,14,0.838,False,,,,,,,
1d,both,0.5,1.0xATR,0.5,0.0,32,1.26,False,,,,,,,
1d,both,0.5,1.0xATR,0.5,10.0,4,0.0,False,,,,,,,
1d,both,0.5,1.0xATR,0.5,20.0,14,0.442,False,,,,,,,
1d,both,0.5,1.0xATR,2.0,0.0,30,1.262,False,,,,,,,
1d,both,0.5,1.0xATR,2.0,10.0,2,0.0,False,,,,,,,
1d,both,0.5,1.0xATR,2.0,20.0,12,0.443,False,,,,,,,
1d,both,0.5,2.0xATR,0.5,0.0,29,1.022,False,,,,,,,
1d,both,0.5,2.0xATR,0.5,10.0,4,0.0,False,,,,,,,
1d,both,0.5,2.0xATR,0.5,20.0,12,0.288,False,,,,,,,
1d,both,0.5,2.0xATR,2.0,0.0,27,1.023,False,,,,,,,
1d,both,0.5,2.0xATR,2.0,10.0,2,0.0,False,,,,,,,
1d,both,0.5,2.0xATR,2.0,20.0,10,0.288,False,,,,,,,
1d,both,0.5,3.0xATR,0.5,0.0,25,0.992,False,,,,,,,
1d,both,0.5,3.0xATR,0.5,10.0,4,0.0,False,,,,,,,
1d,both,0.5,3.0xATR,0.5,20.0,11,0.206,False,,,,,,,
1d,both,0.5,3.0xATR,2.0,0.0,23,0.993,False,,,,,,,
1d,both,0.5,3.0xATR,2.0,10.0,2,0.0,False,,,,,,,
1d,both,0.5,3.0xATR,2.0,20.0,9,0.206,False,,,,,,,
1d,both,0.5,3.0%,0.5,0.0,38,1.578,False,,,,,,,
1d,both,0.5,3.0%,0.5,10.0,4,0.0,False,,,,,,,
1d,both,0.5,3.0%,0.5,20.0,15,0.644,False,,,,,,,
1d,both,0.5,3.0%,2.0,0.0,36,1.581,False,,,,,,,
1d,both,0.5,3.0%,2.0,10.0,2,0.0,False,,,,,,,
1d,both,0.5,3.0%,2.0,20.0,13,0.646,False,,,,,,,
1d,both,0.5,5.0%,0.5,0.0,34,1.368,False,,,,,,,
1d,both,0.5,5.0%,0.5,10.0,4,0.0,False,,,,,,,
1d,both,0.5,5.0%,0.5,20.0,15,0.395,False,,,,,,,
1d,both,0.5,5.0%,2.0,0.0,32,1.37,False,,,,,,,
1d,both,0.5,5.0%,2.0,10.0,2,0.0,False,,,,,,,
1d,both,0.5,5.0%,2.0,20.0,13,0.396,False,,,,,,,
1d,both,0.75,1.0xATR,0.5,0.0,31,1.374,False,,,,,,,
1d,both,0.75,1.0xATR,0.5,10.0,4,0.0,False,,,,,,,
1d,both,0.75,1.0xATR,0.5,20.0,14,0.663,False,,,,,,,
1d,both,0.75,1.0xATR,2.0,0.0,29,1.376,False,,,,,,,
1d,both,0.75,1.0xATR,2.0,10.0,2,0.0,False,,,,,,,
1d,both,0.75,1.0xATR,2.0,20.0,12,0.665,False,,,,,,,
1d,both,0.75,2.0xATR,0.5,0.0,28,1.139,False,,,,,,,
1d,both,0.75,2.0xATR,0.5,10.0,4,0.0,False,,,,,,,
1d,both,0.75,2.0xATR,0.5,20.0,12,0.432,False,,,,,,,
1d,both,0.75,2.0xATR,2.0,0.0,26,1.14,False,,,,,,,
1d,both,0.75,2.0xATR,2.0,10.0,2,0.0,False,,,,,,,
1d,both,0.75,2.0xATR,2.0,20.0,10,0.433,False,,,,,,,
1d,both,0.75,3.0xATR,0.5,0.0,23,1.233,False,,,,,,,
1d,both,0.75,3.0xATR,0.5,10.0,4,0.0,False,,,,,,,
1d,both,0.75,3.0xATR,0.5,20.0,11,0.309,False,,,,,,,
1d,both,0.75,3.0xATR,2.0,0.0,21,1.234,False,,,,,,,
1d,both,0.75,3.0xATR,2.0,10.0,2,0.0,False,,,,,,,
1d,both,0.75,3.0xATR,2.0,20.0,9,0.309,False,,,,,,,
1d,both,0.75,3.0%,0.5,0.0,38,1.382,False,,,,,,,
1d,both,0.75,3.0%,0.5,10.0,4,0.0,False,,,,,,,
1d,both,0.75,3.0%,0.5,20.0,15,0.971,False,,,,,,,
1d,both,0.75,3.0%,2.0,0.0,36,1.384,False,,,,,,,
1d,both,0.75,3.0%,2.0,10.0,2,0.0,False,,,,,,,
1d,both,0.75,3.0%,2.0,20.0,13,0.975,False,,,,,,,
1d,both,0.75,5.0%,0.5,0.0,33,1.504,False,,,,,,,
1d,both,0.75,5.0%,0.5,10.0,4,0.0,False,,,,,,,
1d,both,0.75,5.0%,0.5,20.0,15,0.596,False,,,,,,,
1d,both,0.75,5.0%,2.0,0.0,31,1.506,False,,,,,,,
1d,both,0.75,5.0%,2.0,10.0,2,0.0,False,,,,,,,
1d,both,0.75,5.0%,2.0,20.0,13,0.597,False,,,,,,,
1d,both,1.0,1.0xATR,0.5,0.0,31,1.208,False,,,,,,,
1d,both,1.0,1.0xATR,0.5,10.0,4,0.0,False,,,,,,,
1d,both,1.0,1.0xATR,0.5,20.0,14,0.51,False,,,,,,,
1d,both,1.0,1.0xATR,2.0,0.0,29,1.209,False,,,,,,,
1d,both,1.0,1.0xATR,2.0,10.0,2,0.0,False,,,,,,,
1d,both,1.0,1.0xATR,2.0,20.0,12,0.511,False,,,,,,,
1d,both,1.0,2.0xATR,0.5,0.0,27,1.068,False,,,,,,,
1d,both,1.0,2.0xATR,0.5,10.0,4,0.0,False,,,,,,,
1d,both,1.0,2.0xATR,0.5,20.0,12,0.319,False,,,,,,,
1d,both,1.0,2.0xATR,2.0,0.0,25,1.069,False,,,,,,,
1d,both,1.0,2.0xATR,2.0,10.0,2,0.0,False,,,,,,,
1d,both,1.0,2.0xATR,2.0,20.0,10,0.32,False,,,,,,,
1d,both,1.0,3.0xATR,0.5,0.0,22,1.029,False,,,,,,,
1d,both,1.0,3.0xATR,0.5,10.0,4,0.0,False,,,,,,,
1d,both,1.0,3.0xATR,0.5,20.0,11,0.226,False,,,,,,,
1d,both,1.0,3.0xATR,2.0,0.0,20,1.03,False,,,,,,,
1d,both,1.0,3.0xATR,2.0,10.0,2,0.0,False,,,,,,,
1d,both,1.0,3.0xATR,2.0,20.0,9,0.226,False,,,,,,,
1d,both,1.0,3.0%,0.5,0.0,38,1.386,False,,,,,,,
1d,both,1.0,3.0%,0.5,10.0,4,0.0,False,,,,,,,
1d,both,1.0,3.0%,0.5,20.0,15,0.822,False,,,,,,,
1d,both,1.0,3.0%,2.0,0.0,36,1.387,False,,,,,,,
1d,both,1.0,3.0%,2.0,10.0,2,0.0,False,,,,,,,
1d,both,1.0,3.0%,2.0,20.0,13,0.826,False,,,,,,,
1d,both,1.0,5.0%,0.5,0.0,33,1.305,False,,,,,,,
1d,both,1.0,5.0%,0.5,10.0,4,0.0,False,,,,,,,
1d,both,1.0,5.0%,0.5,20.0,15,0.504,False,,,,,,,
1d,both,1.0,5.0%,2.0,0.0,31,1.306,False,,,,,,,
1d,both,1.0,5.0%,2.0,10.0,2,0.0,False,,,,,,,
1d,both,1.0,5.0%,2.0,20.0,13,0.506,False,,,,,,,
