side,entry_time,exit_time,entry_px,exit_px,stop_px,tp_at_entry,qty,reason,pnl,pnl_pct,bars_held
short,2017-01-11 00:00:00+00:00,2017-01-12 00:00:00+00:00,776.62,783.47,781.47,686.44,12.87631,SL,-98.3,-0.983,1
short,2017-03-17 00:00:00+00:00,2017-03-18 00:00:00+00:00,1069.02,1077.7,1075.7,825.44,9.354362,SL,-91.25,-0.912,1
short,2017-03-22 00:00:00+00:00,2017-03-23 00:00:00+00:00,1035.56,1044.03,1042.03,836.89,9.656611,SL,-91.85,-0.919,1
short,2017-07-09 00:00:00+00:00,2017-07-10 00:00:00+00:00,2500.28,2517.91,2515.91,1490.98,3.999552,SL,-80.53,-0.805,1
short,2017-07-26 00:00:00+00:00,2017-07-27 00:00:00+00:00,2522.99,2540.76,2538.76,1616.02,3.963551,SL,-80.46,-0.805,1
short,2017-09-14 00:00:00+00:00,2017-09-15 00:00:00+00:00,3225.79,3247.95,3245.95,2341.97,3.100016,SL,-78.73,-0.787,1
short,2017-09-19 00:00:00+00:00,2017-09-20 00:00:00+00:00,3886.8,3913.09,3911.09,2406.36,2.572811,SL,-77.68,-0.777,1
short,2018-01-11 00:00:00+00:00,2018-01-12 00:00:00+00:00,13241.83,13326.59,13324.59,6812.19,0.755183,SL,-74.04,-0.74,1
short,2018-03-07 00:00:00+00:00,2018-03-08 00:00:00+00:00,9911.03,9974.97,9972.97,8893.6,1.008977,SL,-74.55,-0.746,1
long,2018-04-20 00:00:00+00:00,2018-04-21 00:00:00+00:00,8863.0,8805.61,8807.61,9732.67,1.128286,SL,-74.72,-0.747,1
long,2018-05-20 00:00:00+00:00,2018-05-21 00:00:00+00:00,8520.48,8465.23,8467.23,10261.89,1.173643,SL,-74.81,-0.748,1
long,2018-07-17 00:00:00+00:00,2018-07-18 00:00:00+00:00,7312.71,7265.01,7267.01,8925.49,1.367482,SL,-75.2,-0.752,1
long,2018-08-28 00:00:00+00:00,2018-08-29 00:00:00+00:00,7082.94,7036.67,7038.67,7895.32,1.411843,SL,-75.29,-0.753,1
long,2018-09-21 00:00:00+00:00,2018-09-22 00:00:00+00:00,6751.45,6707.25,6709.25,7466.98,1.481163,SL,-75.43,-0.754,1
long,2018-09-27 00:00:00+00:00,2018-09-28 00:00:00+00:00,6683.62,6639.85,6641.85,7377.42,1.496195,SL,-75.46,-0.755,1
long,2018-11-07 00:00:00+00:00,2018-11-08 00:00:00+00:00,6503.0,6460.36,6462.36,7078.98,1.537752,SL,-75.54,-0.755,1
long,2019-01-06 00:00:00+00:00,2019-01-07 00:00:00+00:00,4042.71,4015.44,4017.44,5916.3,2.473588,SL,-77.41,-0.774,1
long,2019-02-10 00:00:00+00:00,2019-02-11 00:00:00+00:00,3652.37,3627.54,3629.54,5369.67,2.737948,SL,-77.94,-0.779,1
long,2019-02-17 00:00:00+00:00,2019-04-02 00:00:00+00:00,3627.6,4627.15,3604.93,5214.82,2.756644,TP,2744.04,27.44,44
short,2019-07-16 00:00:00+00:00,2019-07-17 00:00:00+00:00,9410.81,9471.63,9469.63,5955.08,1.062608,SL,-74.66,-0.747,1
short,2019-07-23 00:00:00+00:00,2019-07-24 00:00:00+00:00,9845.02,9908.55,9906.55,6184.28,1.015742,SL,-74.56,-0.746,1
short,2019-08-13 00:00:00+00:00,2019-08-19 00:00:00+00:00,10860.28,10930.16,10928.16,6920.44,0.920787,SL,-74.37,-0.744,6
short,2019-08-20 00:00:00+00:00,2019-09-06 00:00:00+00:00,10770.22,10839.53,10837.53,7164.01,0.928486,SL,-74.39,-0.744,17
short,2019-09-08 00:00:00+00:00,2019-09-09 00:00:00+00:00,10398.18,10465.17,10463.17,7788.25,0.961707,SL,-74.46,-0.745,1
long,2020-01-05 00:00:00+00:00,2020-01-19 00:00:00+00:00,7358.7,9056.01,7312.71,9236.39,1.358936,TP,2295.38,22.954,14
long,2020-04-16 00:00:00+00:00,2020-04-17 00:00:00+00:00,7113.67,7067.21,7069.21,8029.62,1.405744,SL,-75.28,-0.753,1
long,2020-04-21 00:00:00+00:00,2020-04-29 00:00:00+00:00,6856.98,7973.82,6814.12,7998.25,1.458368,TP,1617.94,16.179,8
short,2020-06-19 00:00:00+00:00,2020-06-20 00:00:00+00:00,9302.32,9362.46,9360.46,8239.14,1.075001,SL,-74.68,-0.747,1
short,2020-06-24 00:00:00+00:00,2020-06-25 00:00:00+00:00,9284.06,9344.09,9342.09,8290.63,1.077115,SL,-74.69,-0.747,1
short,2020-07-09 00:00:00+00:00,2020-07-10 00:00:00+00:00,9232.9,9292.61,9290.61,8440.82,1.083083,SL,-74.7,-0.747,1
short,2020-09-03 00:00:00+00:00,2020-09-04 00:00:00+00:00,10158.0,10223.49,10221.49,9077.16,0.984446,SL,-74.5,-0.745,1
short,2021-04-18 00:00:00+00:00,2021-04-19 00:00:00+00:00,56278.6,56632.34,56630.34,33474.53,0.177687,SL,-72.89,-0.729,1
short,2021-05-02 00:00:00+00:00,2021-05-03 00:00:00+00:00,56620.66,56976.54,56974.54,36496.95,0.176614,SL,-72.88,-0.729,1
short,2021-05-04 00:00:00+00:00,2021-05-05 00:00:00+00:00,53234.84,53569.56,53567.56,36935.08,0.187847,SL,-72.91,-0.729,1
short,2021-05-06 00:00:00+00:00,2021-05-07 00:00:00+00:00,56445.39,56800.17,56798.17,37390.43,0.177162,SL,-72.89,-0.729,1
short,2021-05-10 00:00:00+00:00,2021-05-11 00:00:00+00:00,55878.72,56229.96,56227.96,38295.84,0.178959,SL,-72.89,-0.729,1
long,2021-07-25 00:00:00+00:00,2021-08-08 00:00:00+00:00,35430.28,44866.73,35208.84,44666.06,0.282244,TP,2652.05,26.521,14
short,2021-11-18 00:00:00+00:00,2021-11-19 00:00:00+00:00,56915.66,57273.38,57271.38,45967.13,0.175699,SL,-72.88,-0.729,1
long,2022-02-07 00:00:00+00:00,2022-02-08 00:00:00+00:00,43871.04,43594.85,43596.85,49208.86,0.227941,SL,-72.92,-0.729,1
long,2022-02-14 00:00:00+00:00,2022-02-17 00:00:00+00:00,42542.3,42274.41,42276.41,49414.13,0.23506,SL,-72.94,-0.729,3
long,2022-02-28 00:00:00+00:00,2022-03-01 00:00:00+00:00,43180.98,42909.1,42911.1,49229.28,0.231583,SL,-72.93,-0.729,1
long,2022-03-09 00:00:00+00:00,2022-03-10 00:00:00+00:00,41962.02,41697.76,41699.76,48950.58,0.238311,SL,-72.95,-0.729,1
long,2022-03-16 00:00:00+00:00,2022-03-17 00:00:00+00:00,41144.76,40885.61,40887.61,48622.57,0.243044,SL,-72.95,-0.73,1
long,2022-07-19 00:00:00+00:00,2022-07-20 00:00:00+00:00,23407.02,23258.73,23260.73,35327.03,0.427222,SL,-73.32,-0.733,1
long,2022-07-24 00:00:00+00:00,2022-07-25 00:00:00+00:00,22597.81,22454.57,22456.57,34743.51,0.442521,SL,-73.35,-0.734,1
long,2022-07-27 00:00:00+00:00,2022-07-28 00:00:00+00:00,22971.04,22825.47,22827.47,34439.57,0.435331,SL,-73.34,-0.733,1
long,2022-09-12 00:00:00+00:00,2022-09-13 00:00:00+00:00,22403.0,22260.98,22262.98,30103.59,0.446369,SL,-73.36,-0.734,1
long,2022-10-04 00:00:00+00:00,2022-10-05 00:00:00+00:00,20345.0,20215.84,20217.84,27824.96,0.491521,SL,-73.45,-0.735,1
long,2022-10-25 00:00:00+00:00,2022-11-08 00:00:00+00:00,20089.0,19961.44,19963.44,25179.01,0.497785,SL,-73.46,-0.735,14
long,2022-12-26 00:00:00+00:00,2022-12-27 00:00:00+00:00,16919.0,16811.26,16813.26,19959.82,0.591051,SL,-73.65,-0.737,1
long,2023-01-04 00:00:00+00:00,2023-01-06 00:00:00+00:00,16851.0,16743.68,16745.68,19654.23,0.593437,SL,-73.66,-0.737,2
short,2023-03-03 00:00:00+00:00,2023-03-05 00:00:00+00:00,22357.0,22498.73,22496.73,19724.99,0.447287,SL,-73.43,-0.734,2
short,2023-05-01 00:00:00+00:00,2023-05-02 00:00:00+00:00,28077.0,28254.48,28252.48,21803.62,0.356163,SL,-73.24,-0.732,1
short,2023-05-07 00:00:00+00:00,2023-05-08 00:00:00+00:00,28470.0,28649.94,28647.94,22093.49,0.351247,SL,-73.23,-0.732,1
short,2023-07-30 00:00:00+00:00,2023-07-31 00:00:00+00:00,29277.0,29461.98,29459.98,26624.81,0.341565,SL,-73.21,-0.732,1
short,2023-08-02 00:00:00+00:00,2023-08-03 00:00:00+00:00,29162.0,29346.26,29344.26,26766.54,0.342912,SL,-73.22,-0.732,1
short,2024-01-14 00:00:00+00:00,2024-01-15 00:00:00+00:00,41713.0,41975.71,41973.71,33033.07,0.239733,SL,-73.01,-0.73,1
short,2024-01-17 00:00:00+00:00,2024-01-29 00:00:00+00:00,42736.0,43005.1,43003.1,33217.35,0.233995,SL,-73.0,-0.73,12
short,2024-01-31 00:00:00+00:00,2024-02-01 00:00:00+00:00,42556.0,42823.98,42821.98,33982.42,0.234984,SL,-73.0,-0.73,1
short,2024-02-04 00:00:00+00:00,2024-02-05 00:00:00+00:00,42568.0,42836.05,42834.05,34240.54,0.234918,SL,-73.0,-0.73,1
short,2024-04-13 00:00:00+00:00,2024-04-14 00:00:00+00:00,64052.0,64454.33,64452.33,46052.34,0.156123,SL,-72.84,-0.728,1
short,2024-06-14 00:00:00+00:00,2024-06-15 00:00:00+00:00,65994.0,66408.46,66406.46,56352.86,0.151529,SL,-72.83,-0.728,1
short,2024-06-18 00:00:00+00:00,2024-06-19 00:00:00+00:00,65143.0,65552.14,65550.14,56914.35,0.153508,SL,-72.84,-0.728,1
long,2024-09-13 00:00:00+00:00,2024-09-14 00:00:00+00:00,60547.0,60166.58,60168.58,64010.13,0.165161,SL,-72.8,-0.728,1
long,2024-09-17 00:00:00+00:00,2024-09-18 00:00:00+00:00,60318.0,59939.01,59941.01,63982.56,0.165788,SL,-72.8,-0.728,1
short,2024-12-27 00:00:00+00:00,2024-12-28 00:00:00+00:00,94166.0,94756.54,94754.54,70992.34,0.106195,SL,-72.74,-0.727,1
short,2025-01-07 00:00:00+00:00,2025-01-15 00:00:00+00:00,96944.0,97551.9,97549.9,72658.84,0.103152,SL,-72.74,-0.727,8
short,2025-02-02 00:00:00+00:00,2025-02-03 00:00:00+00:00,97673.0,98285.46,98283.46,77874.35,0.102382,SL,-72.74,-0.727,1
short,2025-02-04 00:00:00+00:00,2025-02-05 00:00:00+00:00,97784.0,98397.15,98395.15,78217.22,0.102266,SL,-72.74,-0.727,1
short,2025-06-20 00:00:00+00:00,2025-06-21 00:00:00+00:00,103314.0,103961.71,103959.71,95905.32,0.096792,SL,-72.72,-0.727,1
short,2025-07-01 00:00:00+00:00,2025-07-02 00:00:00+00:00,105707.0,106369.67,106367.67,96281.74,0.094601,SL,-72.72,-0.727,1
short,2025-08-19 00:00:00+00:00,2025-08-20 00:00:00+00:00,112868.0,113575.43,113573.43,100402.38,0.088599,SL,-72.71,-0.727,1
short,2025-08-23 00:00:00+00:00,2025-09-12 00:00:00+00:00,115390.0,116113.19,116111.19,100709.69,0.086663,SL,-72.7,-0.727,20
short,2025-09-22 00:00:00+00:00,2025-09-24 00:00:00+00:00,112739.0,113445.62,113443.62,103616.04,0.0887,SL,-72.71,-0.727,2
short,2025-10-10 00:00:00+00:00,2025-10-12 00:00:00+00:00,112994.0,113702.21,113700.21,106596.88,0.0885,SL,-72.71,-0.727,2
short,2025-10-14 00:00:00+00:00,2025-10-17 00:00:00+00:00,113076.0,107408.35,113782.73,107138.13,0.088436,TP,491.48,4.915,3
long,2026-01-02 00:00:00+00:00,2026-01-03 00:00:00+00:00,89954.0,89389.79,89391.79,106837.92,0.111168,SL,-72.69,-0.727,1
long,2026-03-15 00:00:00+00:00,2026-03-16 00:00:00+00:00,72833.0,72375.79,72377.79,93935.06,0.1373,SL,-72.74,-0.727,1
long,2026-03-20 00:00:00+00:00,2026-03-21 00:00:00+00:00,70504.0,70061.35,70063.35,93001.07,0.141836,SL,-72.75,-0.728,1
long,2026-03-23 00:00:00+00:00,2026-03-24 00:00:00+00:00,70885.0,70439.97,70441.97,92370.62,0.141074,SL,-72.75,-0.728,1
long,2026-04-05 00:00:00+00:00,2026-04-06 00:00:00+00:00,69001.0,68567.74,68569.74,89376.05,0.144925,SL,-72.76,-0.728,1
long,2026-05-23 00:00:00+00:00,2026-05-24 00:00:00+00:00,76657.99,76176.88,76178.88,80661.3,0.13045,SL,-72.73,-0.727,1
long,2026-07-14 00:00:00+00:00,2026-07-15 00:00:00+00:00,64977.72,64569.61,64571.61,73632.16,0.153899,SL,-72.78,-0.728,1
long,2026-07-17 00:00:00+00:00,2026-07-28 00:00:00+00:00,63893.98,63492.64,63494.64,73280.14,0.156509,SL,-72.78,-0.728,11
long,2026-08-02 00:00:00+00:00,2026-08-03 00:00:00+00:00,63501.99,63103.1,63105.1,71127.6,0.157475,SL,-72.78,-0.728,1
long,2026-08-17 00:00:00+00:00,2026-08-18 00:00:00+00:00,64486.76,64081.72,64083.72,69141.71,0.155071,SL,-72.78,-0.728,1
